0,0,410,2690,5390,3840,2800,4020,3020,3690,6670,9900,8600,13180,13700,16170,16700,14890,15730,18290,23600,25710,20910,23330,23220,17080,11730,10460,11580,15590,23300,27770,19620,11480,8240,8100,6990,4810,3860,2290,2530,2070,1830,1480,1330,1030,1100,1260,1470,960,1050,1250,1220
0,0,920,2720,7080,1540,790,3090,2620,3650,8400,9730,8130,11310,10290,12570,13800,10770,13960,16800,22640,23880,21440,20210,13590,11040,8260,7720,7800,16510,23950,23200,16550,10830,8810,6730,5020,3280,2990,1830,1580,1470,1370,1280,1020,940,850,1060,1230,900,970,1030,930
0,0,340,3270,6150,4050,4430,3330,2230,3330,5300,5860,5870,8800,7160,8230,11330,9680,9450,14660,16560,15330,13920,8600,6450,5040,4160,4630,5220,8870,13470,12020,8470,5710,4850,3610,3180,2140,1550,1060,880,830,860,730,640,560,490,720,720,550,510,640,670
0,0,180,1000,2370,2200,1750,1200,300,520,2300,3250,2410,4290,5370,3700,4410,3370,2320,3020,4160,3760,4470,4530,4660,3680,2340,2140,2390,3620,5770,5750,4300,3490,2750,2310,1920,1470,1230,780,630,640,510,440,430,360,300,450,450,470,500,550,500
0,0,310,610,1220,1900,1000,520,680,440,2280,3780,1730,4590,5010,3870,4530,2750,3070,3250,4680,4030,3940,4440,3780,2500,1900,1940,2070,3670,4740,5420,4300,3360,2320,1840,1500,1070,990,550,570,550,420,370,370,340,360,460,530,630,590,520,420
0,60,2160,9750,15310,13810,5180,2660,6070,12970,36240,37150,28000,27200,32260,29940,29250,34290,26620,29070,40290,37680,21550,21910,19170,14600,10960,13250,16100,25440,39270,39090,28650,20350,16230,12670,12040,8550,7170,4700,4530,4440,3900,3230,2680,2570,2480,2860,3040,3040,3210,3470,3260
0,0,250,1540,2720,3480,3380,2150,2210,3670,6270,6280,5980,7670,7380,7850,8750,8710,8870,10650,12560,11720,10070,8950,6300,5220,3720,4200,5190,8100,11700,12120,10100,6530,5270,4270,4020,2640,2260,1290,1180,1070,960,890,710,640,610,830,1010,710,810,1000,800
0,0,620,1680,3770,2260,1420,1850,1050,1920,4130,5350,4130,8030,6590,7150,7850,7460,7870,8830,10960,10190,9590,8510,7460,6160,5570,4500,3220,4780,7890,13650,10760,4980,2730,2250,2480,1850,1550,770,710,670,630,570,540,400,410,420,540,480,430,570,480
0,0,580,1570,1860,1920,490,310,560,790,1870,3000,2280,3700,4050,5450,5590,4180,3130,3890,4770,5450,3990,4230,3520,3180,2260,1680,1780,3530,4770,5370,5350,3400,2610,1610,1370,900,830,520,420,450,390,340,320,290,260,300,380,350,400,500,420
0,0,320,1390,5240,2200,1590,2600,820,1240,4090,6410,6310,8240,6470,6840,9390,8870,9630,11750,12290,12850,10780,8560,5660,5460,4450,4040,4690,7950,10720,13280,9260,6230,3890,3200,2430,1930,1450,1020,1210,850,790,720,550,550,480,630,700,680,600,600,610
0,0,480,2130,3700,3840,2710,2490,2060,2350,5410,7350,5920,9980,9470,9730,11380,11030,11430,11160,11160,13220,11330,11920,10940,8220,5720,5460,5330,7530,12150,14480,12540,7930,5220,3920,3410,2370,1970,1360,1250,1170,1150,950,800,730,610,760,940,780,810,1150,990
0,0,280,1820,3780,6400,2410,2020,2010,1180,2230,4870,6090,7900,8330,8650,10450,9210,8490,8870,6300,9360,10840,10930,6710,5000,3330,3460,3240,4250,9290,10980,9550,5860,3880,2800,2640,1840,1640,840,720,680,610,600,440,430,450,520,560,490,460,540,550
0,30,700,6300,25630,15160,11220,15010,7330,9570,25780,37770,33270,51300,55230,50470,51360,42770,51210,47100,65370,66600,51250,58750,46290,39460,27330,27870,29900,48800,69820,70750,54860,42250,33110,26360,23410,18540,14400,8780,8890,7210,6880,6170,5100,4730,4390,5420,5850,5570,5830,6490,6180
0,10,1640,7530,7770,4440,5030,5130,3040,4550,11060,13300,11560,16590,15610,19290,20530,19510,23550,22630,29510,21610,22170,32410,27020,19710,15440,12060,13650,17990,24190,30390,23090,15390,10870,7270,5850,3460,3040,2250,1970,1700,1600,1400,1150,970,990,1330,1440,1200,1140,1340,1390
0,0,180,970,2870,2720,1660,1120,470,770,1970,2180,2180,4870,5200,4190,5240,3710,2810,4860,6640,6380,6610,5980,3000,3120,1710,1780,1890,3760,6110,5890,4130,2580,2120,1310,1190,830,650,430,410,310,300,210,200,200,190,240,280,210,220,260,270
0,0,760,2230,5020,4760,2480,3130,1770,1730,3560,5160,4370,7720,7950,10480,10960,10210,10250,12210,9810,12610,12160,12920,13350,9870,9510,7480,5620,6360,7690,12090,13270,12940,7870,4660,3180,1970,1860,1080,940,860,780,760,640,530,360,550,720,610,600,690,610
0,0,1170,3260,9980,9810,4950,4700,4250,5390,9560,12560,8540,19030,17930,22000,22140,16080,18830,19190,19450,27220,20570,24030,23770,20420,16660,10300,11850,9950,18810,24410,27800,22420,13360,8790,6410,4140,3470,2090,2000,2000,1670,1570,1170,990,970,1350,1620,1180,1070,1470,1350
0,0,490,1490,4440,2630,2490,3440,2690,2100,3170,4140,3970,6800,6960,10650,9530,8270,8810,9910,9750,11440,11970,11980,8410,7570,5900,4230,4740,5550,9700,10830,9870,7740,5370,4090,2890,2020,1980,1020,660,810,850,700,600,420,400,620,690,490,430,560,420
0,0,560,1460,3600,1840,1560,2540,1620,2150,4530,6280,4680,6100,5820,5930,7140,6420,8320,7900,8660,10270,8910,8810,7540,5870,3750,2980,3670,4330,7040,9050,8710,6110,3350,2500,1930,1470,1140,730,570,520,530,440,370,340,290,380,500,310,300,440,400

0,40,1640,3950,7050,7440,2560,2840,1640,2590,8320,10920,10070,16040,12560,10990,9690,7960,13430,14680,25280,21140,16580,18410,23560,15880,10870,9600,9570,16890,18210,21730,14410,8510,6330,5190,4500,2830,2320,1700,1580,1370,1180,1090,990,860,850,1020,1080,910,880,990,950
0,0,430,2880,3850,11680,4140,3640,7040,4630,8530,12560,13370,18430,19400,17810,17740,18120,19380,12720,25530,32110,24460,20000,16370,17680,11140,8220,12860,16110,20230,19070,23050,12970,8640,7310,5610,3620,3040,2040,1720,1380,1240,1060,960,890,830,1200,1250,850,950,1150,1240
0,0,250,1290,2520,1490,630,730,560,870,2030,2040,1700,3190,3080,3820,4480,3770,4520,3910,3620,4070,3920,3320,2100,1960,1370,1120,1390,2420,4420,5120,3420,2430,1420,1250,1090,700,620,390,320,270,270,230,210,170,150,200,270,230,210,280,210
0,0,710,2510,2900,4520,3500,2630,2270,3690,4950,8430,6990,11240,12220,15650,16820,11360,12920,13180,13010,14980,12150,14150,9800,9190,7010,6170,6160,8560,12820,15130,15540,11040,7370,4590,3390,2430,2270,1390,1300,1000,980,740,660,650,570,730,870,810,830,940,880
0,0,820,4010,8090,6140,3610,3210,870,1810,6020,7780,8010,13650,11540,10260,11060,10130,15340,15640,20830,26180,17710,16180,14760,10280,7690,8160,8550,13470,19110,22290,14910,10660,7090,6120,5060,3510,3700,2080,2110,1860,1840,1540,1360,1150,970,1310,1290,1060,1010,1110,1180
0,0,320,2150,4230,4960,5010,3390,1750,2780,9720,8930,9190,13820,11440,11400,12220,11160,12470,15190,24870,22440,18590,14730,10980,8610,6230,7030,8270,11570,18350,19540,16020,10300,7760,7770,6700,4000,3360,2090,1880,1750,1580,1240,1240,950,880,1360,1230,970,1190,1610,1370
0,0,1390,5140,4550,3110,2670,2000,1850,3390,6020,11600,8500,12460,12400,12390,15400,15560,16310,19090,24390,23600,21080,23620,19000,16730,12640,11530,11640,17190,23560,23940,20030,14520,10450,7860,6150,4380,3450,2350,1810,1710,1710,1400,1140,1110,1040,1210,1300,1120,1020,1250,1240
0,0,460,1950,3230,4790,2270,2270,2640,2370,6280,8360,5920,7920,9280,10360,13920,14510,11090,12710,12910,20700,14560,16230,19040,12040,8340,7730,7780,11120,15130,18840,10820,8390,5400,4970,4530,2720,2020,1420,1380,1070,1040,950,830,710,680,910,870,710,690,790,680
0,0,680,5380,14640,5000,4210,7170,5360,10140,13720,19220,13210,22020,23370,23910,33020,30060,32390,29330,29750,38620,34070,40330,42830,32330,23500,18520,12510,18970,21420,26300,31970,22730,19810,12450,8080,5250,4500,2540,2110,1930,1760,1580,1470,1190,1050,1700,1690,1280,1370,1680,1620
0,0,1180,3730,7080,5050,5990,4730,3280,5430,14120,14150,9520,19870,18660,17770,19810,16990,17660,22640,26620,27800,17810,22420,26160,18310,13030,12620,12640,16040,23220,28130,24800,18440,13450,9360,7620,5130,4350,2980,2840,2540,2120,1880,1840,1520,1230,1600,1890,1560,1810,2160,1640
0,0,1700,6060,14490,8910,9890,8670,2570,5850,17160,19890,13600,29640,36320,34910,43120,33150,27590,32090,45720,47270,38780,56510,66370,57610,32970,27600,27020,46010,50030,47530,36070,25970,18910,14300,12410,8130,6350,4590,4590,3660,3400,3080,2660,2390,2240,2980,2810,2320,2740,3400,3510
0,0,250,1220,2310,3120,2260,1900,1160,2010,2450,3820,1970,3730,4270,7770,7890,7490,7520,5990,6570,7840,7020,4960,4000,4980,3020,3980,3550,5520,7650,5390,4000,2990,2410,1620,1540,1310,1010,760,520,330,380,300,270,220,260,370,410,350,410,500,420
0,0,3230,7370,14050,11830,13620,6600,4220,11370,19810,35040,25080,40260,41590,42400,49980,39510,39200,42060,44970,60120,54430,66420,67500,64340,48210,36920,35120,35700,46600,57160,61270,43610,29500,19650,15490,9980,8030,5420,4650,3950,3670,3460,3070,2530,2590,3230,3400,2930,2810,3540,3700
0,0,1690,6730,11970,7180,9600,7200,4160,6460,15500,26930,22680,31320,28820,26100,33130,27330,35350,39420,43360,50570,37300,39850,30820,23750,16950,16930,20410,24560,42330,50630,36500,23060,15840,12680,10890,7780,6280,3920,4300,4090,3590,3070,2820,2330,2140,2650,2980,2180,2590,2870,2810
0,0,1300,4530,15460,5070,3600,6980,4770,8910,12070,19610,13820,21150,20580,22400,35160,28310,30900,28620,27920,34900,34710,46350,49690,43680,37380,28810,25020,23070,27280,33650,37610,35480,29910,15390,10950,7010,6260,4240,2980,2760,2490,2190,1950,1510,1560,2030,2080,1450,1540,1700,1670
0,0,400,1370,4810,3210,1620,1860,800,1050,3100,4280,3420,5550,4660,5790,7640,6780,7740,7040,6800,7080,6680,9480,7700,4250,4370,3820,3490,3260,5590,8350,8130,6140,3820,3160,1970,1350,1280,750,550,590,530,430,390,330,260,370,380,390,380,390,330
0,30,900,3200,4920,6170,2800,2970,3810,4020,8110,11420,7950,13880,12740,15460,19120,17270,21460,20680,19110,22410,25160,28830,24960,20600,15100,11090,10740,10240,17670,23850,23930,12970,8400,6890,5800,3400,2830,2160,2090,1810,1550,1340,1130,1020,840,1230,1230,870,820,1140,1030
0,0,2240,7240,9350,6010,6250,8260,7320,11900,23210,27140,16530,28800,24050,31050,33350,31080,35650,40480,55920,58640,52410,48690,35560,30520,21860,21400,22000,40960,47980,48650,29000,23560,17100,14850,12960,8740,6080,3850,3990,3860,3230,2970,2350,2330,2100,2370,2480,1880,2150,2870,2610
0,0,1170,2460,5400,3950,2870,1860,450,820,3370,4290,2880,6110,5030,5570,5330,4150,7640,7400,9230,10250,6230,8080,9930,6690,4010,3980,4370,8230,9260,10090,6960,5470,3830,2760,2350,1950,1670,1000,880,820,790,700,540,490,470,620,640,490,580,670,580
0,0,690,2830,5260,4120,4600,3780,1290,2570,5900,9810,8120,13300,11880,14260,15180,10870,12500,12310,13540,17030,13970,18690,18050,13770,9910,8990,9430,11630,15400,14460,9840,6450,4900,3220,2740,1840,1890,1100,970,960,740,790,700,600,620,810,810,720,800,850,810
0,0,140,1330,4820,2280,2040,3060,2160,2620,4330,6040,4650,7180,7290,9390,10980,10970,9670,10410,8820,14180,16200,12130,10230,9890,8130,4220,4450,6140,10610,12710,12610,9340,5900,4140,3380,1980,1620,1290,960,890,700,650,650,430,420,600,600,510,540,660,600
0,0,820,3130,5860,7220,6460,3890,3340,6730,10790,13320,11160,17030,16750,20240,25490,19970,20240,20680,29160,34560,26460,24750,19620,16690,11240,11510,13160,22170,27500,31150,22090,15110,11480,9470,8120,4910,4010,2550,2590,2350,2130,1760,1580,1420,1350,1510,1440,1030,1160,1580,1330
0,0,330,1330,3050,3370,3020,2570,650,1110,2650,4330,4140,7490,6130,4230,4990,3630,5220,6970,8940,11490,7230,6980,4750,3680,3000,2680,3510,7540,9030,9660,6720,4280,3210,2650,2450,1620,1210,770,1010,750,710,520,510,460,440,530,590,510,460,470,460
0,10,1720,5690,14070,11970,4790,7160,7030,8950,14560,22790,17130,27570,28330,34470,40230,37820,44400,37350,43750,49720,50980,60210,66090,60710,43560,33120,31710,33180,35700,55340,55510,49150,27010,17250,13590,9080,6590,4940,4590,3640,3240,3010,2560,2040,1910,2500,2840,1970,1960,2420,2600
0,0,660,2370,7970,4000,3220,5160,3660,4060,7040,8690,6440,13710,13750,13270,19050,17690,18870,18680,28160,29590,30450,29910,25040,20140,13480,13250,13510,15390,25170,25140,20800,13350,8560,7760,5900,4710,3920,2640,2500,2140,1880,1580,1280,1150,1210,1440,1430,810,1090,1110,1500
0,0,300,1000,2930,1370,1260,1660,1230,1350,2870,3840,3430,4270,4330,3890,7220,5780,6140,5060,3880,5540,5820,5880,5090,3530,2230,2020,2190,2700,4900,6440,5960,4750,3250,2200,1710,1290,1090,510,460,450,390,300,310,220,240,330,350,350,340,480,360
0,0,500,1690,2880,3170,2450,1500,1310,1660,2990,5010,5880,8530,10150,10520,10530,10100,11940,10820,11150,11860,8610,11390,9920,7950,5740,4640,5870,6970,9580,10580,11360,9440,6120,4050,2870,2490,1930,1290,990,1010,830,790,620,590,540,720,790,750,730,890,720
0,0,140,280,1390,1030,860,520,480,380,1080,1740,990,2070,2550,2190,2570,1420,1000,1960,1620,1840,2610,2550,2860,1690,980,920,1070,1260,2850,2930,2580,1850,1130,950,830,580,540,240,240,200,150,160,160,110,110,150,180,140,150,180,110
0,0,1180,3100,6950,8230,3950,4370,6310,5420,8670,14220,13230,20160,18530,20440,27410,22600,23500,25980,29010,30770,31620,32870,28510,23940,18820,15720,13190,19950,22310,31000,29650,20920,14970,12120,8790,5590,4030,2360,2400,1970,1830,1600,1430,1270,1190,1450,1670,1250,1120,1230,1370
0,0,1110,3550,5710,6350,2500,2510,3620,4170,6610,11610,9480,14070,14390,15290,16680,14480,14680,11840,18790,17310,16790,20990,24330,17830,11770,10930,8230,10650,10410,17300,17990,14180,9160,5800,4060,2340,2390,1670,1050,1050,940,870,740,690,590,760,1050,770,970,1080,980
0,0,880,5550,4610,3430,3430,1340,2100,3650,7470,13030,10110,15120,10380,9770,14230,13040,14710,20780,22580,22480,19460,25650,20560,13430,11320,8940,8820,11150,18560,23670,18580,12570,8460,6270,5070,3170,2820,1670,1830,1590,1410,1190,1010,950,820,980,1220,930,910,1050,1050
0,0,260,1790,1970,1170,620,520,360,800,2040,2980,2310,4700,5000,4020,8310,5860,5510,7700,4760,7780,6690,4800,3820,2230,3020,1790,1930,3750,6510,7080,6290,3290,2420,1910,1270,1050,980,650,620,490,370,310,290,290,240,310,330,290,280,320,340
0,0,520,1490,2930,3580,1430,1510,2670,1470,3180,5930,5670,8780,8990,6420,6530,5550,5590,8900,11850,12120,10240,15570,14060,11060,7970,6060,5140,5600,7030,11060,12240,9570,6760,4110,2800,1750,1640,970,930,830,680,680,570,530,430,580,650,510,500,470,570
0,20,2840,11420,7980,1500,2250,2030,2720,6670,16260,20450,13590,14930,14380,13200,18600,19300,18820,23540,28780,27490,21720,19580,28060,18510,13080,13250,12510,19860,20340,26990,25430,13540,9320,7110,5990,4330,3850,2420,2080,2010,1930,1680,1410,1450,1370,1450,1590,1310,1630,2120,1690
0,0,310,1450,2180,1960,860,510,390,1020,1670,3620,2980,4540,6150,5510,6280,5850,4330,5900,4610,9200,7160,6490,4800,3690,3010,1940,2640,4930,6740,6520,5980,3110,2760,2740,1960,1130,1080,580,540,550,460,380,330,310,260,360,380,400,410,500,350
0,0,350,3680,5710,4870,10620,4260,6070,7160,8950,14750,10360,18760,18170,21940,32450,24900,28430,22010,21240,20230,21290,33230,38560,26860,22070,15370,13440,16420,19460,25780,28720,21250,16740,9400,7360,4930,4060,2790,2380,1890,1770,1420,1270,1190,1120,1330,1460,1430,1450,1690,1420
0,30,1860,4210,11640,5680,5630,9520,6160,17170,27580,26740,23410,24540,17600,22020,15260,20460,25810,34200,42020,38340,35720,36850,35550,24940,16820,16310,17000,26030,29730,39160,30390,18610,12970,10130,8850,5740,4980,3320,3250,3110,3160,2900,2240,2260,2040,2440,2610,2430,3040,3520,2610
0,0,430,1130,4300,3220,1460,1530,960,770,3000,3590,3240,6680,6020,5060,7180,3340,6070,5620,8220,7020,4620,6520,6800,6890,4690,3290,3120,4270,7220,7420,7310,5460,3230,2360,1950,1220,1130,780,570,540,490,430,360,310,290,340,420,360,300,360,320
0,40,4180,12620,22430,13740,8690,5700,12230,24330,47610,61860,46420,65650,52460,58110,55080,43400,62150,77580,117500,123590,96700,95620,70860,54660,41320,40070,45860,70930,99730,102760,78990,53560,37230,29650,22200,15710,13470,8740,8250,7900,7300,6500,5740,5350,5090,6520,6170,4930,4680,5520,4940
0,0,980,3070,8100,3150,910,3270,3400,4920,10300,15650,14640,22910,18750,14460,18160,15680,19040,25330,32380,32140,28100,29960,24240,20550,12900,14700,16650,23730,33250,33600,25410,19090,13440,9880,8950,6000,4890,3280,2930,2690,2320,2080,1690,1630,1600,1830,1890,1430,1600,1700,1590
0,0,730,3560,5170,2450,1980,1880,600,990,2290,4960,4420,7600,8010,8870,10070,7210,7150,7240,9340,11870,10210,10860,10890,7150,4910,4010,4550,4220,8740,11900,10620,6080,4670,2730,2690,1740,1300,1030,860,760,640,540,480,400,350,540,650,530,470,630,480
0,0,1610,6370,10330,10390,880,2760,7970,11990,34240,48000,37710,45720,35010,34010,32780,25500,36490,50630,79680,74740,47150,45910,37010,30780,22270,22360,26840,39860,60520,58100,48240,32480,22240,18570,12440,7990,7450,4570,3710,3700,3150,3110,2760,2550,2390,3060,3070,2380,2500,2940,2710
0,0,710,3170,5150,5600,6660,3710,2230,5450,9170,13190,11160,21010,18220,19890,15360,10970,14500,20970,31890,33650,29750,25940,17880,14150,9790,10240,11810,23060,29650,22950,14190,10540,7690,6100,5200,3740,2810,2140,1970,1760,1590,1350,1100,990,1020,1190,1310,1080,1020,1230,1320
0,0,1930,4050,8430,6470,5200,4900,1830,4930,9030,14030,14810,20470,21330,22980,23720,17130,18760,20020,22240,27420,23370,29010,28640,22360,14170,11350,9910,13690,20130,25090,21330,14860,9960,6410,5130,3630,2840,1880,1600,1720,1370,1290,1170,1040,1000,1260,1430,1160,1210,1400,1530
0,0,490,2330,2960,2990,1750,1600,1310,1240,3840,3680,3680,5970,6840,7190,9370,7310,9770,7640,7390,8260,6260,6600,4070,4780,4500,4000,3220,3930,7830,10930,7980,4030,2710,2190,2080,1540,1100,660,540,630,520,440,380,340,300,380,500,500,450,570,580
0,0,970,3380,6720,4590,3890,4200,2060,3330,5850,8200,6020,11070,11950,11480,19340,15360,15380,17400,14970,18460,15270,12700,10060,11570,7770,7400,7240,12630,19680,18490,12220,7450,6290,5170,4460,2880,2360,1730,1750,1530,1450,1290,980,1070,770,1130,1320,1160,1340,1410,1210
0,10,990,3700,9430,9420,10700,6310,6120,9560,11350,19000,15770,26310,21310,25790,32270,25180,28360,36080,47280,46110,40350,49580,51990,40320,27310,19870,21000,25090,36980,42480,37040,18210,12110,11340,8690,6490,5180,3480,3400,3100,3050,2720,2330,2140,1880,2460,2890,2090,2320,2380,2110
0,0,480,1790,5550,9530,4760,6710,5350,4750,10750,14720,11290,16310,11290,13300,18120,15000,18590,22660,27560,30490,23650,27330,27470,16920,11780,10350,11410,17540,25130,35210,19830,11830,9080,8320,6540,4950,4620,3110,2960,2940,2480,2220,1750,1830,1330,1810,2180,1540,1610,1640,1750
0,40,2220,8590,17720,12040,6980,8900,5120,8170,23520,34110,28380,39730,44370,36100,40980,37180,36500,56130,69320,72820,68850,84610,81800,56310,39140,37410,38900,41250,58740,72390,62460,40160,31190,22280,21570,13530,9920,6030,7200,6450,5560,4750,3890,3600,3070,3510,3680,2750,2720,3430,3540
0,0,240,1150,2840,2020,1580,1340,970,1300,3510,4560,4270,7220,5830,5360,5740,4120,7850,8990,10460,8950,6310,7700,7540,4950,4530,3530,4180,6570,8060,9160,7300,4670,3090,2190,2030,1290,1300,750,600,680,570,540,420,430,400,450,490,410,410,510,490
0,120,420,2820,8070,6420,4250,2620,2380,3020,9520,11910,10890,17610,13130,12440,13470,11440,15410,17060,17320,19630,13760,19230,21680,20480,13480,11260,11830,12570,18060,21070,20110,13970,7130,5530,4650,3210,2820,1740,1610,1440,1310,1190,980,860,780,930,1190,990,950,1060,1120
0,0,520,3030,5790,4420,2860,3440,2560,3400,4600,7160,6540,11070,12560,12990,13720,16520,23470,23140,24890,25020,23270,21600,16010,13400,11320,11070,10810,15890,20160,22400,21150,13590,8690,8210,6070,3290,2670,2360,1630,1560,1350,1210,1090,940,940,1130,1190,820,790,930,1050
0,0,160,2070,4840,4060,3310,4020,2180,2600,5630,7370,6910,10140,11480,11200,11700,10060,10930,12290,13580,16400,16170,21560,13630,8880,6500,6790,7830,11650,16830,19070,15410,8790,5120,4410,4550,2830,2240,1570,1490,1690,1220,1030,1090,910,840,1130,1310,1010,1020,1090,970
0,0,710,2640,5670,5370,3270,4440,2540,2720,9510,12870,12210,17540,18690,15720,17130,14070,18520,17350,26190,34840,26380,31170,26520,20700,14120,13930,14610,18240,27990,32570,28980,21070,13860,9540,9070,6540,5260,3680,3400,3150,2510,2150,1930,1650,1590,1930,2140,1710,1800,2050,1950
30,320,7160,14110,23430,18490,12000,12460,7800,10410,43430,46610,38020,59400,44650,43370,44240,42400,58400,74330,102070,126160,113220,111300,92710,62130,47140,45990,45900,57320,65820,67210,41600,29760,21170,18660,18180,10860,9550,7060,6940,6270,6010,4980,4030,3510,3400,3860,3800,3200,3370,4140,4390
0,0,4500,11230,12840,6570,5170,8360,3710,6350,15440,26920,20020,36070,32640,27780,31600,26270,35460,33610,50580,53940,46710,50900,46030,39560,27250,24350,24180,31300,40960,48170,41090,31660,18920,14360,10280,7340,6480,4450,3590,3250,3090,2540,2410,2200,1860,2410,2260,1810,1880,2440,2500
0,20,2350,5510,9840,7750,4440,4920,4000,3960,19470,22060,17780,31890,25190,24650,22330,28620,34230,51460,62980,71600,50520,54320,38460,30080,24470,23450,28550,42550,63280,59540,36500,22680,19330,17690,15940,9410,7730,5530,5910,4310,4450,3740,3020,2700,2640,3110,3170,2380,2900,3200,3190
0,30,1950,5240,12170,10340,6500,7670,4290,5480,24590,27420,24600,37230,30750,27900,30890,33840,35320,47460,62710,76330,58770,64470,54430,36810,28360,25950,26830,37860,45690,53670,32050,22690,16270,18410,17210,9670,7510,5680,5940,4560,4060,3750,2800,2570,2210,2860,2910,2270,2560,2870,3200
0,0,450,1830,6260,3240,1600,2530,1470,2270,4080,7060,4220,10000,13440,12400,10490,7880,10040,10130,10860,15610,15700,20510,16430,10220,8100,6250,5270,5020,7850,12890,14300,13520,8650,4690,3410,2130,2130,1430,1190,850,880,730,670,590,490,620,690,540,520,650,690
0,10,790,2310,6400,5090,1020,3760,2790,3460,10650,13110,9840,13630,13830,12450,16320,10900,13860,20090,27590,26900,21480,22950,17010,13400,9450,9700,11030,16650,23210,25950,17520,10780,7340,5300,4260,3030,2590,1810,1450,1330,1290,1140,980,890,790,1110,1080,930,870,1090,950
0,0,670,2290,4470,3050,3750,2570,2170,2680,4830,6480,5770,10230,17050,12640,13920,12540,8320,11610,9460,13770,11080,10380,11760,8360,6350,5570,6230,10840,17260,16430,9850,6140,5530,4360,3690,2390,2280,1270,1250,1040,1060,930,750,780,680,800,1060,630,740,850,810
0,0,290,2030,2610,2310,2380,1110,1780,2150,3370,4360,1970,4200,5760,7050,8940,7340,6120,4940,6990,7700,7450,9020,8570,8440,5270,4330,4030,5810,8490,9360,9180,7620,5100,4110,2820,2060,1560,890,930,810,700,780,600,500,400,570,600,590,710,860,670
0,20,900,4250,9690,13910,7260,7120,5270,5350,13040,19910,21860,33330,31130,30910,35010,27060,26850,25370,40490,40690,28770,33000,23620,18100,12500,12740,15730,22950,34700,38130,34240,26620,20970,15700,14680,10500,7360,4580,4360,4090,3810,3190,2710,2270,2180,2770,3250,2930,3010,3450,3000
0,0,170,2480,4580,5200,3540,2870,2130,2630,6360,8660,7980,13150,12550,14160,15710,14340,13890,13750,16170,17510,15830,18290,16580,13090,10490,8980,9650,12730,17550,19460,18830,15720,11560,8800,6960,4860,3790,2170,2150,2140,1910,1540,1340,1230,1060,1330,1420,1280,1320,1680,1460
0,0,980,3040,9690,6100,2890,4400,4050,5400,7680,13380,10020,15920,16010,16430,25080,20160,27130,23810,25400,30290,27100,30660,24860,19920,16330,12050,9460,13070,20360,26610,29400,22660,14910,9400,6140,4350,3130,2760,2040,1700,1340,1440,1310,1060,960,1260,1660,1250,1010,1280,1340
0,0,1590,2220,6210,4290,2630,3860,2180,3290,6540,8190,5850,10310,9830,11230,10850,11720,16980,20860,12780,20640,14290,13950,10080,9440,7670,5960,7890,8840,13520,15610,15520,12330,7660,5020,3980,2780,2390,1750,1420,1030,1000,1010,740,660,540,690,790,630,620,820,870
0,0,720,2680,3800,3770,2410,1390,1890,3550,7040,8580,6900,9820,9240,8410,12270,11680,14540,13960,11530,15180,13580,15100,13740,9290,6610,5730,4660,5890,9400,13010,12290,9840,6210,4040,3190,2200,1890,1300,1000,930,810,730,630,520,450,670,730,480,460,600,560
0,0,460,1930,4490,2190,2070,3030,2800,3220,6250,7000,6630,10090,10000,7930,10630,8480,11060,13620,14070,13340,10040,11040,8950,7790,6010,5540,6820,7920,11640,13430,14280,9310,5980,4680,4130,3000,2320,1320,1050,1010,810,850,780,590,600,760,810,710,690,900,710
0,0,300,2060,4120,3140,1700,1790,1120,1630,4180,5620,5730,10750,8980,6850,7220,6570,9470,12310,10580,14570,9060,11220,12720,7870,5780,5530,5880,10060,12430,13420,10390,7390,4490,3940,3270,2140,1940,1400,1230,950,870,840,650,570,580,700,730,580,630,710,780
0,0,150,1520,1710,1600,1300,830,620,510,1410,2220,2280,3980,3160,2300,2550,2290,3590,3780,4770,6910,4160,4460,5410,2740,2140,2100,2110,2830,5370,5040,4040,2640,1660,1360,1370,980,910,560,540,480,470,390,330,310,270,350,340,290,260,300,350
0,20,1690,4890,10110,9170,5030,5390,3900,4210,18590,22730,18790,28550,24170,23590,25610,24940,31360,41080,47220,56340,51260,50360,43160,31340,23560,22930,24630,35980,46180,47550,34190,24440,19310,17860,13740,10390,9240,5650,5930,4940,4350,3790,3110,2800,2550,2920,2860,1890,2180,2760,2900
0,150,3140,7180,13420,12360,7180,7210,5510,5820,26840,30800,27490,41210,33350,28920,30330,32380,42200,60470,75010,93150,73330,78220,63230,40390,32580,29200,32110,44120,54020,51590,29960,20540,14730,15160,15660,9220,7610,5210,5990,5160,4740,3710,3240,2800,2510,3090,3110,2460,2470,3130,3440
0,70,1230,3380,7050,7490,4290,4330,3740,4340,17560,20290,17580,27030,22670,22780,22430,21540,30050,39960,49500,60840,55680,53310,49090,36250,26800,27850,31090,54330,66670,67550,40530,32130,25490,21020,18320,12970,11180,7320,7730,6820,6120,5030,4200,3700,3350,3830,3670,3090,3350,3780,3970
10,70,2620,6520,11580,9040,5330,6070,4110,4940,20800,23290,21740,32040,29020,23640,24920,24490,33230,40860,54640,62580,52800,53990,48410,37420,26420,25430,27060,38240,51550,50160,34690,23880,17960,15460,14230,9120,7620,5710,6110,4980,4690,3870,3000,2710,2430,3040,2780,2080,2340,2890,3060
0,40,1880,4490,8840,6490,3730,5520,3360,3270,17620,18400,15620,25350,22110,23080,21690,21350,28580,36530,45430,53330,41230,44930,36060,29730,24380,21430,23950,39360,50490,47180,32340,25050,18930,16760,14460,8810,7350,5150,5700,4750,4300,3500,3040,2680,2480,2770,2840,2300,2400,2950,2950
