Country,DataType,01-20,02-20,03-20,04-20,05-20,06-20,07-20,08-20,09-20,10-20,11-20,12-20,01-21,02-21,03-21,04-21,05-21,06-21,07-21,08-21,09-21,10-21,11-21,12-21
Afghanistan,Cases,0,5,161,1635,13009,15609,4780,1452,1072,1963,4790,5832,2510,655,721,3228,11899,45682,26938,5719,1792,1019,1132,770
Afghanistan,Death,0,0,4,56,190,470,497,119,52,71,227,415,199,39,40,136,313,1898,1746,381,81,66,28,48
Albania,Cases,0,0,205,496,363,1430,2617,4104,4005,6985,16750,19545,18935,28088,17556,5820,1224,199,515,12252,23075,14756,14450,9571
Albania,Death,0,0,12,16,2,30,89,123,100,115,289,364,188,395,431,154,56,5,1,38,187,218,168,119
Algeria,Cases,0,5,506,3264,5261,4177,15924,13752,6874,5802,23561,16112,7512,5621,3969,4674,6617,10216,29042,24182,7118,2999,3892,7506
Algeria,Death,0,0,31,409,196,252,288,291,216,213,437,320,132,88,106,151,212,236,473,986,536,106,144,200
American Samoa,Cases,0,0,0,0,0,0,0,0,0,0,0,0,0,0,0,0,0,0,0,0,1,3,6,1
American Samoa,Death,0,0,0,0,0,0,0,0,0,0,0,0,0,0,0,0,0,0,0,0,0,0,0,0
Andorra,Cases,0,0,376,348,18,91,67,199,790,2615,1956,1238,1836,912,1078,1188,461,173,767,354,176,294,1599,5937
Andorra,Death,0,0,12,29,9,1,0,1,0,22,1,8,17,9,5,10,2,0,1,2,0,0,1,9
Angola,Cases,0,0,7,20,57,190,825,1515,2251,5586,4298,2232,2229,986,1375,4120,7714,4131,3797,4554,9039,7791,722,11619
Angola,Death,0,0,1,0,2,7,38,56,71,96,62,51,59,40,28,57,168,128,108,199,320,171,23,24
Anguilla,Cases,0,0,2,1,0,0,0,0,0,0,3,7,4,1,7,66,16,0,5,103,172,483,390,288
Anguilla,Death,0,0,0,0,0,0,0,0,0,0,0,0,0,0,0,0,0,0,0,0,1,0,2,2
Antigua and Barbuda,Cases,0,0,7,17,1,40,25,3,7,26,14,17,59,506,410,88,33,3,40,410,1445,809,83,154
Antigua and Barbuda,Death,0,0,0,3,0,0,0,0,0,0,1,1,2,7,14,4,10,0,1,1,32,23,15,1
Argentina,Cases,0,0,820,3235,10398,43719,116728,215866,314706,407191,256196,183356,301434,181933,215246,596125,777320,670027,458224,254123,74876,31357,37641,227823
Argentina,Death,0,0,20,183,295,715,2028,4935,7615,13923,7530,4545,4612,4015,3646,7211,13600,15686,11445,5797,3431,763,579,557
Armenia,Cases,0,0,532,1495,7134,16050,12485,4940,6481,38963,42870,23442,7288,4970,20423,22328,6074,2317,4889,11796,18947,45695,29121,5910
Armenia,Death,0,0,3,29,98,304,285,130,78,378,801,630,252,108,320,575,310,69,97,225,462,989,1188,362
Aruba,Cases,0,0,50,45,1,0,16,1728,1875,538,319,535,1416,946,1490,1211,349,154,449,2881,940,410,442,2686
Aruba,Death,0,0,0,2,1,0,0,5,15,11,8,4,9,13,11,13,9,0,2,28,27,5,3,7
Australia,Cases,9,16,4334,2039,423,572,8469,8765,1317,504,303,477,398,154,326,475,297,456,3299,18467,48875,64144,38716,152344
Australia,Death,0,0,17,70,10,2,85,415,230,21,0,1,0,0,0,1,0,0,13,79,272,433,263,220
Austria,Cases,0,3,9259,5467,1146,988,3194,6068,16879,56477,171307,75163,50502,42255,82439,71134,26031,5887,8198,27818,53771,82630,320202,115060
Austria,Death,0,0,134,469,66,37,14,14,57,354,2309,2681,1439,690,704,796,349,83,20,53,222,304,1115,960
Azerbaijan,Cases,0,1,187,1444,3223,11178,14253,4614,3752,13033,59851,98389,12299,3923,25209,56200,14755,2005,7169,77254,58237,45207,55270,28034
Azerbaijan,Death,0,0,4,18,35,137,232,88,57,118,605,1214,510,87,320,923,390,60,48,569,877,524,759,490
Bahamas,Cases,0,0,14,66,21,3,380,1627,1736,2622,859,340,303,359,568,1248,1343,737,1978,3299,2845,1252,377,1478
Bahamas,Death,0,0,0,11,0,0,0,29,48,47,21,7,6,4,8,10,31,16,40,94,150,110,28,45
Bahrain,Cases,0,44,523,2352,7753,14841,13997,10592,18450,10602,5142,5469,9951,18721,21179,31307,61223,25111,3253,3267,2441,1737,799,3716
Bahrain,Death,0,0,4,4,9,65,59,42,56,68,20,11,20,69,68,118,307,371,32,4,1,4,1,0
Bangladesh,Cases,0,0,51,7613,38915,95949,88403,73136,48533,42697,55680,46285,20639,10634,64494,141368,39956,110953,327925,236290,52231,12781,6531,8973
Bangladesh,Death,0,0,5,162,480,1175,1223,1149,935,651,703,884,551,271,630,2345,1109,1843,6039,5279,1236,337,111,89
Barbados,Cases,0,0,33,47,12,5,13,63,17,46,39,96,1126,1449,596,196,157,62,284,552,3013,9285,7275,3158
Barbados,Death,0,0,0,6,0,0,0,0,0,0,0,0,5,21,8,2,3,0,1,0,19,83,72,31
Belarus,Cases,0,1,151,12989,27631,19234,5690,3879,6417,18868,35549,55714,52286,37623,33288,35426,35069,21836,27859,34324,54565,60046,53155,42882
Belarus,Death,0,0,0,82,140,152,167,117,147,144,166,256,284,248,261,285,299,281,302,314,349,471,436,480
Belgium,Cases,0,1,15295,32962,8390,2920,7606,15122,36514,319337,128854,64814,59210,58717,112362,101609,67273,18877,38771,57540,57528,133551,395588,319734
Belgium,Death,0,0,1210,6397,1534,273,76,193,126,1676,4952,2680,1531,942,782,1171,695,199,67,133,214,421,968,1153
Belize,Cases,0,0,3,15,0,6,24,916,898,1439,2185,4925,1153,385,122,187,145,398,887,1849,4075,6230,3367,1729
Belize,Death,0,0,0,2,0,0,0,11,11,30,86,94,59,13,3,6,1,5,8,19,49,82,79,23
Benin,Cases,0,0,6,60,148,955,606,340,212,286,331,236,535,1741,1466,508,237,141,195,4972,10524,859,101,72
Benin,Death,0,0,0,2,1,16,15,4,1,0,2,1,4,18,20,6,2,3,4,20,31,2,0,0
Bermuda,Cases,0,0,22,84,29,6,10,13,12,18,52,335,87,14,431,1217,109,23,39,276,2256,403,83,583
Bermuda,Death,0,0,0,6,3,0,0,0,0,0,0,1,2,0,0,12,5,1,0,0,29,29,5,0
Bhutan,Cases,0,0,4,3,36,30,25,123,55,66,47,260,170,8,6,188,514,468,411,78,5,20,19,20
Bhutan,Death,0,0,0,0,0,0,0,0,0,0,0,0,1,0,0,0,0,0,1,1,0,0,0,0
Bolivia (Plurinational State of),Cases,0,0,97,946,7621,21932,41409,40120,18255,6843,2961,12265,55020,32494,21800,30412,62982,67094,34335,17243,9181,13022,22888,54214
Bolivia (Plurinational State of),Death,0,0,5,49,241,704,1737,2044,2934,774,234,183,1077,1279,583,681,1484,2160,1082,605,287,198,236,479
Bonaire,Cases,0,0,0,2,0,0,3,2,91,31,8,19,197,44,909,188,54,32,56,75,275,325,475,431
Bonaire,Death,0,0,0,0,0,0,0,0,1,2,0,0,0,1,6,6,1,0,0,0,2,0,3,1
Bosnia and Herzegovina,Cases,0,0,406,1220,737,1815,6991,8349,7262,20668,37184,23084,10249,9604,35516,28240,5517,992,633,7657,19922,18982,20173,15406
Bosnia and Herzegovina,Death,0,0,12,52,84,31,142,270,234,356,1386,1369,624,383,1405,1913,682,410,40,103,771,922,1000,842
Botswana,Cases,0,0,0,20,12,137,577,829,1448,3470,3350,4033,7268,7077,11478,7086,9379,12555,36619,50237,21123,7374,8474,17414
Botswana,Death,0,0,0,1,0,0,1,4,10,8,7,9,94,176,258,144,119,276,444,692,106,38,12,21
Brazil,Cases,0,5,4250,67307,387004,845703,1184070,1236051,883153,716854,773614,1248811,1499313,1278655,2056383,1863180,1880922,1933282,1326064,861542,629509,393855,276812,179085
Brazil,Death,0,0,136,4858,22412,28788,31820,29199,21230,16048,13084,19848,28791,28890,59645,80539,59871,52161,38512,23848,15872,11340,6584,4441
British Virgin Islands,Cases,0,0,2,3,2,0,0,29,24,1,1,20,48,12,1,40,95,9,2187,68,108,49,48,447
British Virgin Islands,Death,0,0,0,1,0,0,0,0,0,0,0,0,0,0,0,0,0,0,30,6,0,0,1,1
Brunei Darussalam,Cases,0,0,127,9,3,0,0,3,2,2,2,7,23,6,24,12,17,17,76,2304,4238,5949,1928,377
Brunei Darussalam,Death,0,0,1,0,1,1,0,0,0,0,0,0,0,0,0,0,0,0,0,5,21,21,3,0
Bulgaria,Cases,0,0,359,1048,1007,2318,6431,4500,4281,30208,89642,55920,16352,27958,91388,61095,13894,3174,3043,28635,44370,98873,89884,49241
Bulgaria,Death,0,0,8,56,74,83,144,230,185,429,2535,3480,1452,1122,2877,3171,1263,349,150,627,1916,3036,4326,2437
Burkina Faso,Cases,0,0,246,377,208,78,155,230,660,449,356,3651,3873,1300,735,587,120,45,92,188,436,550,918,1632
Burkina Faso,Death,0,0,12,28,10,0,0,2,2,10,1,14,35,22,4,11,9,2,1,2,12,30,67,32
Burundi,Cases,0,0,0,13,27,107,217,58,63,75,99,129,810,574,593,1153,772,649,1786,5213,5394,1807,337,9475
Burundi,Death,0,0,0,1,0,0,0,0,0,0,0,1,0,1,3,0,0,2,1,1,4,0,0,0
Cabo Verde,Cases,0,0,5,108,300,730,1192,1400,2016,2670,1954,1032,2141,1254,1955,6084,6477,2018,1239,1492,2181,631,152,2368
Cabo Verde,Death,0,0,1,0,3,8,8,17,19,35,10,7,20,13,21,45,47,22,12,13,24,10,0,2
Cambodia,Cases,1,0,106,13,3,16,93,35,3,14,32,40,87,339,1620,10925,16304,18545,26200,15373,18618,5776,1590,353
Cambodia,Death,0,0,0,0,0,0,0,0,0,0,0,0,0,0,11,79,118,355,773,495,399,462,147,72
Cameroon,Cases,0,0,139,1667,3827,6688,4663,1887,1429,955,2652,1790,2769,4132,11955,12078,7375,1929,1206,1361,8093,10196,4295,1303
Cameroon,Death,0,0,6,53,124,122,78,20,4,8,11,7,14,61,170,212,206,49,10,16,102,227,105,47
Canada,Cases,8,10,6294,42668,37685,12734,11552,11874,27361,71581,132811,195228,197811,86424,107519,226139,165651,35163,14841,63038,119603,91991,73307,312328
Canada,Death,0,0,66,2815,3914,1430,351,184,161,783,1866,3346,4329,1973,940,1191,1309,726,302,309,836,1133,678,583
Cayman Islands,Cases,0,0,12,61,68,55,4,2,6,29,34,52,60,48,61,43,39,33,28,37,140,815,5088,1744
Cayman Islands,Death,0,0,1,0,0,0,0,0,0,0,1,0,0,0,0,0,0,0,0,0,0,0,2,6
Central African Republic,Cases,0,0,6,44,810,2602,860,92,118,37,47,45,18,8,164,1189,674,56,10,4145,75,208,129,455
Central African Republic,Death,0,0,0,0,1,45,12,2,0,0,1,0,0,0,4,16,10,0,0,2,0,0,1,0
Chad,Cases,0,0,5,45,686,88,69,76,180,283,199,389,1234,597,550,277,112,22,22,20,45,29,38,596
Chad,Death,0,0,0,2,62,9,1,2,8,13,3,3,14,22,24,6,3,1,0,0,0,0,1,6
Chile,Cases,0,1,2448,12397,78835,176311,74143,54307,49574,45580,40174,54207,113927,94309,163867,195453,179262,169428,58727,22559,14731,38613,66317,41931
Chile,Death,0,0,8,204,770,4521,3689,1787,1436,1417,1149,1089,1731,2024,2535,3112,2815,3189,2821,1475,518,275,586,750
China,Cases,9720,67568,2577,1742,185,639,2724,2261,639,832,1544,3096,4115,904,814,833,7524,6980,2063,2321,1561,1306,1736,3842
China,Death,213,2579,441,1322,2,3,18,61,16,0,4,38,34,18,7,6,98,520,140,47,8,5,1,2
Colombia,Cases,0,0,702,5151,20477,63533,181012,313894,210265,229080,236462,306446,451172,157986,141644,426895,521127,803915,553755,128967,47112,43200,64696,71255
Colombia,Death,0,0,10,255,575,2216,6231,9254,6277,5098,5266,6036,10375,5868,3419,9470,14517,17044,14192,4379,1336,964,1179,1393
Comoros,Cases,0,0,0,0,42,231,79,41,55,51,80,154,1953,845,125,206,43,54,13,37,76,92,242,2007
Comoros,Death,0,0,0,0,2,5,0,0,0,0,0,2,81,51,2,0,0,0,1,0,0,0,3,8
Congo,Cases,0,0,19,198,367,641,2047,603,1110,201,484,426,1687,933,861,997,980,938,491,402,656,3311,1300,1119
Congo,Death,0,0,0,7,10,20,15,22,11,3,2,6,17,11,7,9,9,12,12,5,10,81,76,13
Cook Islands,Cases,0,0,0,0,0,0,0,0,0,0,0,0,0,0,0,0,0,0,0,0,0,0,0,0
Cook Islands,Death,0,0,0,0,0,0,0,0,0,0,0,0,0,0,0,0,0,0,0,0,0,0,0,0
Costa Rica,Cases,0,0,314,375,309,2083,13531,22409,33168,32966,29382,27700,25162,10497,11562,28837,68058,46459,39045,52877,66932,29585,6727,4039
Costa Rica,Death,0,0,2,4,4,5,118,278,432,477,329,441,433,188,146,245,776,626,352,441,824,680,245,58
Côte d’Ivoire,Cases,0,0,169,1069,1524,6268,6764,1901,1721,904,618,919,5928,4232,10788,2109,1197,950,1699,4973,4469,1039,415,6422
Côte d’Ivoire,Death,0,0,0,14,19,33,34,13,5,4,7,5,15,38,50,42,15,8,15,101,180,71,9,8
Croatia,Cases,0,5,784,1195,170,479,2294,4984,6111,29954,77296,80004,21253,10191,26036,58544,23958,3555,3525,9715,29082,62239,133999,101473
Croatia,Death,0,0,6,61,34,4,37,39,89,251,1166,2074,1078,484,402,1093,933,179,48,72,294,558,1606,1594
Cuba,Cases,0,0,170,1281,524,295,256,1365,1499,1204,1346,3403,13811,22475,24433,30398,34459,45757,184728,261917,219570,73897,10349,3085
Cuba,Death,0,0,4,52,22,3,1,7,28,6,6,10,67,104,99,208,306,312,1409,2461,2075,794,64,18
Curaçao,Cases,0,0,11,5,4,4,4,26,296,574,1102,1815,344,134,3032,4265,90,60,1154,1755,1165,588,344,2798
Curaçao,Death,0,0,1,0,0,0,0,0,0,0,2,10,6,2,11,75,14,4,0,17,19,12,4,9
Cyprus,Cases,0,0,230,581,93,52,86,373,255,2462,6017,11782,8119,3548,10723,19369,6498,2974,25559,11642,4546,4060,9415,27306
Cyprus,Death,0,0,7,7,2,2,0,2,1,3,22,73,72,33,25,52,49,14,48,89,40,24,10,39
Czechia,Cases,0,0,3010,4278,1571,2549,4360,7805,43212,252917,184644,195816,253311,248398,292835,91262,28434,5223,5893,5426,12058,70474,384254,302839
Czechia,Death,0,0,28,199,76,28,33,44,232,2736,4879,3278,4734,3980,5935,2526,653,78,14,28,44,305,2325,2892
Democratic People's Republic of Korea,Cases,0,0,0,0,0,0,0,0,0,0,0,0,0,0,0,0,0,0,0,0,0,0,0,0
Democratic People's Republic of Korea,Death,0,0,0,0,0,0,0,0,0,0,0,0,0,0,0,0,0,0,0,0,0,0,0,0
Democratic Republic of the Congo,Cases,0,0,98,391,2393,3890,1971,924,534,647,1396,4409,5229,3021,2229,1671,1798,9185,8726,4946,1791,559,721,17716
Democratic Republic of the Congo,Death,0,0,8,23,37,95,45,41,14,35,26,251,80,36,36,20,16,142,99,21,25,14,9,98
Denmark,Cases,0,2,2900,6165,2091,1039,1018,3128,11106,18575,32781,82973,31678,12389,18440,19796,28706,11137,23044,28217,12088,29153,101341,311787
Denmark,Death,0,0,95,344,112,29,9,8,25,70,118,471,813,208,52,63,27,19,14,34,74,57,183,308
Djibouti,Cases,0,0,31,1043,2105,1302,399,304,29,143,116,145,100,133,1724,3024,428,69,49,96,955,667,26,128
Djibouti,Death,0,0,0,2,20,29,4,2,1,0,0,0,1,0,6,73,11,1,1,1,10,14,5,3
Dominica,Cases,0,0,7,9,0,2,0,2,10,12,35,11,21,25,19,13,14,5,17,1422,1655,1302,993,783
Dominica,Death,0,0,0,0,0,0,0,0,0,0,0,0,0,0,0,0,0,0,0,4,11,12,5,8
Dominican Republic,Cases,0,0,901,5543,9936,14531,35347,24586,17185,14123,16455,25591,41768,24949,12767,13487,25349,31578,16289,8112,7809,22519,25446,10017
Dominican Republic,Death,0,0,42,242,197,231,399,521,391,131,85,78,232,427,217,146,148,187,134,44,33,83,74,42
Ecuador,Cases,0,5,1957,22435,13637,16567,28028,28293,21982,30100,23925,18827,37267,31771,41170,51934,43979,29706,28040,13829,8037,7318,9598,18930
Ecuador,Death,0,0,8,875,2434,1144,1130,853,4756,1277,753,562,817,854,969,1705,1914,951,10031,613,518,211,254,419
Egypt,Cases,0,5,651,4558,17912,41769,25446,4649,4140,4187,7986,20733,27356,15878,19008,24400,34114,18381,2933,3900,15342,25560,26612,26150
Egypt,Death,0,0,41,334,521,1913,1821,594,493,328,370,926,1632,1323,1268,1283,1708,1052,349,203,558,1261,1761,1253
El Salvador,Cases,0,0,30,347,2000,3656,9792,9003,3252,4368,4960,7555,8029,4900,4565,4767,4048,5520,7854,7440,10288,9074,6381,1938
El Salvador,Death,0,0,0,9,35,118,265,265,122,128,136,213,278,224,152,110,121,127,232,280,304,388,152,47
Equatorial Guinea,Cases,0,0,14,301,728,0,1307,120,87,53,65,111,239,489,909,780,835,205,146,446,2888,1006,211,118
Equatorial Guinea,Death,0,0,0,1,10,0,29,0,0,0,2,1,0,5,11,10,6,3,2,1,22,20,6,0
Eritrea,Cases,0,0,15,24,0,152,76,39,56,88,114,675,815,712,432,386,390,1842,536,95,67,109,507,641
Eritrea,Death,0,0,0,0,0,0,0,0,0,0,0,1,4,0,2,0,4,9,11,3,4,3,15,15
Estonia,Cases,0,1,714,921,176,118,62,309,940,1400,7147,15682,15802,21025,39796,14766,7094,1389,2472,8271,13894,36983,27202,18235
Estonia,Death,0,0,3,46,11,0,0,1,0,9,39,111,185,167,304,250,86,11,3,20,64,174,260,129
Eswatini,Cases,0,0,9,82,183,510,1765,1913,885,427,493,2727,6308,1291,319,1121,133,489,6431,17075,2533,479,161,19176
Eswatini,Death,0,0,0,1,1,9,29,51,17,8,4,63,356,85,15,4,2,5,101,307,116,22,6,51
Ethiopia,Cases,0,0,23,104,932,4674,10769,33592,22453,20421,13365,13782,12757,20403,45449,49829,13903,4496,3987,26445,36188,19286,6179,43907
Ethiopia,Death,0,0,0,3,5,92,160,519,382,266,231,212,168,261,476,793,467,155,63,275,859,869,291,171
Falkland Islands (Malvinas),Cases,0,0,0,13,0,0,0,0,0,0,4,12,11,11,0,9,0,0,0,4,3,2,10,3
Falkland Islands (Malvinas),Death,0,0,0,0,0,0,0,0,0,0,0,0,0,0,0,0,0,0,0,0,0,0,0,0
Faroe Islands,Cases,0,0,168,17,0,0,38,186,52,27,7,102,44,4,3,2,54,57,206,17,160,904,1408,2138
Faroe Islands,Death,0,0,0,0,0,0,0,0,0,0,0,0,1,0,0,0,0,0,0,1,0,0,11,1
Fiji,Cases,0,0,5,13,0,0,9,1,4,2,4,7,6,4,8,49,284,3706,24242,16430,4237,1118,335,812
Fiji,Death,0,0,0,0,0,0,0,1,0,0,0,0,0,0,0,0,2,17,212,250,128,50,22,2
Finland,Cases,1,7,1663,3539,1552,273,198,717,1989,6037,8956,10305,8868,12277,19528,8538,5388,3143,11255,20112,13487,16697,28530,80962
Finland,Death,0,0,51,198,45,4,3,2,14,21,92,140,105,81,97,49,41,9,21,51,59,123,228,205
France,Cases,6,51,43877,75589,20115,10584,20263,111508,286080,910072,603769,367822,536384,458174,816358,731895,360218,95021,307101,562896,221197,138289,450567,2041468
France,Death,0,2,3015,20540,4375,984,376,320,1196,4517,15479,11633,11212,10185,8776,8476,4757,1424,624,1825,1650,785,1301,4307
French Guiana,Cases,0,0,43,79,310,3297,3724,1277,814,470,643,1841,2917,544,295,2132,4359,3379,2628,4611,5772,3516,1355,2385
French Guiana,Death,0,0,0,1,0,14,28,15,7,4,0,1,5,9,4,7,16,29,42,30,43,41,19,12
French Polynesia,Cases,0,0,36,21,2,2,0,465,1155,5410,6834,2479,1134,327,235,128,102,133,1041,20130,5003,360,773,106
French Polynesia,Death,0,0,0,0,0,0,0,0,7,22,44,39,17,8,2,0,1,0,7,274,197,15,0,0
Gabon,Cases,0,0,7,269,2337,2739,1958,1153,219,191,223,380,1177,3816,4575,3428,1290,555,400,435,3696,5370,1817,3731
Gabon,Death,0,0,1,2,12,25,7,4,1,1,4,5,4,15,31,20,11,7,5,1,18,53,40,9
Gambia,Cases,0,0,3,8,13,22,354,2299,616,87,64,55,290,601,708,428,95,86,1883,1736,236,32,22,181
Gambia,Death,0,0,1,0,0,1,6,87,16,7,4,1,4,20,14,10,5,2,32,106,19,2,2,1
Georgia,Cases,0,3,112,418,217,134,237,316,4682,32296,94857,88077,29701,12407,10843,28050,32506,20882,52476,127623,59315,104484,124255,84639
Georgia,Death,0,0,0,6,6,3,2,2,17,267,932,1202,650,316,258,325,643,512,493,1555,1464,1069,1965,1681
Germany,Cases,5,50,61802,91753,20724,12444,13973,32728,45620,227031,520939,652264,473702,220365,361805,548424,280594,45230,40132,171594,271114,359931,1229605,1246423
Germany,Death,0,0,583,5556,2019,462,156,157,186,952,5767,16435,23321,12925,6237,6307,5360,2280,720,541,1415,2018,5592,10135
Ghana,Cases,0,0,152,1510,5694,9470,17401,8704,2277,1399,3514,3104,10656,15576,6529,1979,1336,1744,7105,15247,7580,2595,843,10375
Ghana,Death,0,0,4,12,18,76,63,94,25,19,3,12,70,178,135,36,6,10,27,194,114,19,34,78
Gibraltar,Cases,0,0,61,72,20,8,9,88,97,297,316,779,2123,128,35,17,10,53,574,395,199,425,1211,1285
Gibraltar,Death,0,0,0,0,0,0,0,0,0,0,5,1,67,17,1,0,0,0,0,3,0,1,0,2
Greece,Cases,0,4,1207,1264,335,488,1018,5811,7877,18749,65082,32851,17856,36852,69358,79507,56234,19710,65115,88912,64966,83681,189013,231390
Greece,Death,0,0,43,90,35,16,11,56,122,229,1695,2382,1017,672,1513,2222,1673,581,236,660,1097,1066,2129,2551
Greenland,Cases,0,0,10,1,2,0,1,0,0,3,1,9,3,0,1,0,9,10,68,214,239,223,583,1119
Greenland,Death,0,0,0,0,0,0,0,0,0,0,0,0,0,0,0,0,0,0,0,0,0,0,0,1
Grenada,Cases,0,0,9,10,3,0,1,0,0,4,13,89,18,0,7,6,0,1,6,188,4578,699,48,179
Grenada,Death,0,0,0,0,0,0,0,0,0,0,0,1,0,0,0,0,0,0,0,0,134,59,2,0
Guadeloupe,Cases,0,0,106,37,10,20,62,901,3809,2214,602,242,536,812,1544,2258,3104,665,1867,24268,7713,1368,606,715
Guadeloupe,Death,0,0,4,6,2,0,0,2,37,69,23,6,2,7,9,38,44,12,16,225,259,53,3,8
Guam,Cases,0,0,58,72,24,81,97,988,1056,2093,2059,407,240,146,68,144,172,174,175,1689,2656,1584,409,220
Guam,Death,0,0,1,3,0,0,0,5,37,30,33,9,7,2,3,2,3,1,3,2,43,41,25,7
Guatemala,Cases,0,0,36,521,4022,12191,31417,24123,16894,15593,14032,15104,21106,14831,19292,31849,26554,38257,68551,97315,86967,38727,16208,8691
Guatemala,Death,0,0,1,15,74,625,1121,816,478,468,437,632,805,731,430,660,613,982,1033,1547,1599,1364,878,159
Guernsey,Cases,0,0,55,172,1,0,0,0,5,10,18,11,195,282,0,1,1,14,110,328,304,529,1779,3723
Guernsey,Death,0,0,1,15,0,0,0,0,0,0,0,0,0,1,0,0,0,0,0,1,3,2,0,1
Guinea,Cases,0,0,16,1335,2211,1580,1851,2063,1225,1368,967,610,753,1362,3916,2307,957,576,1794,3712,982,242,117,871
Guinea,Death,0,0,0,7,16,8,13,13,7,5,4,4,1,7,36,19,17,8,43,115,43,6,2,4
Guinea-Bissau,Cases,0,0,8,68,1055,332,327,168,175,89,9,25,176,612,386,83,32,87,592,1287,304,26,306,36
Guinea-Bissau,Death,0,0,0,1,7,16,2,6,6,2,2,2,0,3,13,4,1,1,6,41,16,6,7,1
Guyana,Cases,0,0,8,63,72,78,163,783,1553,1252,1195,925,1209,932,1632,2771,3716,2981,2413,2865,5956,3806,2225,1413
Guyana,Death,0,0,1,6,3,0,8,15,41,45,25,14,11,19,34,62,87,81,67,76,165,127,74,59
Haiti,Cases,0,0,15,61,1508,3982,1445,797,516,288,218,705,1518,897,310,294,1655,3806,1466,696,1030,1731,1233,689
Haiti,Death,0,0,0,6,28,63,54,40,26,3,0,3,9,5,1,3,65,122,115,28,29,48,59,28
Holy See,Cases,0,0,6,4,1,0,0,0,0,14,0,0,0,0,0,0,0,0,0,0,0,0,0,0
Holy See,Death,0,0,0,0,0,0,0,0,0,0,0,0,0,0,0,0,0,0,0,0,0,0,0,0
Honduras,Cases,0,0,139,599,4115,12988,22126,18219,15363,20052,10625,13024,24283,21811,18221,20976,25876,22750,32492,38287,26502,9387,2507,1654
Honduras,Death,0,0,2,64,128,278,774,530,443,338,236,202,445,525,444,624,1035,606,813,998,905,463,163,31
Hungary,Cases,0,0,492,2250,1004,269,350,1456,20322,48012,137923,101441,42308,59889,219508,117627,23239,3416,1331,2846,10174,40035,228478,142155
Hungary,Death,0,0,16,292,201,59,11,18,150,969,3004,4560,2857,2396,5679,6545,2033,230,34,32,131,530,3640,4473
Iceland,Cases,0,1,1063,487,2,15,62,221,611,2099,497,350,245,41,150,263,109,61,1314,2742,941,1826,4156,10356
Iceland,Death,0,0,2,8,0,0,0,0,0,2,14,3,0,0,0,0,1,0,0,3,0,0,2,2
India,Cases,5,2,1244,31413,147100,376305,1053377,1925257,2534597,1824535,1247609,803865,459474,339121,1037094,6541311,8882565,2187804,1202359,1113056,929135,506593,302008,242028
India,Death,0,0,32,1036,4017,11499,18347,27958,32209,22963,15028,11117,5280,2659,5311,45403,117247,66559,24351,14209,9042,9847,10543,11833
Indonesia,Cases,0,0,1528,8441,15922,29445,50606,64860,109437,118906,126099,199223,327044,245326,170398,150514,148823,351745,1206550,649405,114966,27630,11648,6033
Indonesia,Death,0,0,136,635,813,1235,2197,2224,3235,3013,3002,5057,7669,5889,4533,4467,4926,7768,35124,37300,8263,1379,407,254
Iran (Islamic Republic of),Cases,0,392,44009,46064,54310,73739,73868,69366,78425,147733,335977,256683,186588,205160,244065,594241,403017,279673,646605,1089736,580899,329171,188554,75253
Iran (Islamic Republic of),Death,0,43,2855,2921,1706,2873,5752,4696,4415,8309,13011,6849,2666,2021,2496,8686,8181,3971,6080,16521,12366,5698,3408,1742
Iraq,Cases,0,17,607,1309,4094,40712,72154,106568,123356,107652,77805,41893,23631,72605,148771,207870,131883,137252,270480,254614,112719,50899,25200,12264
Iraq,Death,0,0,46,42,102,1634,2728,2218,2080,1681,1314,550,228,336,880,1110,886,781,1409,2107,1391,878,637,334
Ireland,Cases,0,0,2909,14753,4340,549,599,2741,7001,25063,11067,17761,100364,22723,15977,12581,12866,10107,27670,50874,40287,53781,117340,198334
Ireland,Death,0,0,54,930,461,105,41,18,30,114,145,179,1067,1039,370,226,49,48,37,57,157,187,216,260
Isle of Man,Cases,0,0,44,258,21,0,0,0,4,13,16,8,55,49,1082,18,6,20,3019,1914,878,2061,1540,4026
Isle of Man,Death,0,0,0,26,7,0,0,0,0,0,1,0,0,0,4,0,0,0,2,5,3,5,9,1
Israel,Cases,0,13,4974,10012,1101,7578,44876,43027,121421,66620,21610,82746,214994,128478,55728,4928,931,2113,30521,191884,202641,44465,14345,37260
Israel,Death,0,0,17,199,63,39,223,373,614,932,309,452,1392,926,440,168,33,8,51,602,664,316,85,49
Italy,Cases,3,885,100611,97799,27201,7442,6627,20706,43772,332849,905829,485437,434333,355048,631875,426000,193453,41838,83661,184654,128416,95158,243087,952881
Italy,Death,0,21,11562,15254,5373,1329,365,336,392,2427,16286,18028,14120,8991,11180,11198,5239,1414,481,1083,1649,1153,1639,3419
Jamaica,Cases,0,0,36,345,179,115,158,1249,4051,2523,1615,2030,2700,7164,15585,6177,2889,1523,2560,14507,15355,5170,2208,2342
Jamaica,Death,0,0,1,6,2,1,0,9,80,98,50,45,46,67,165,174,167,117,112,320,342,360,155,78
Japan,Cases,12,217,1714,11910,2570,1709,15649,32029,14618,16829,45614,81610,152347,42222,39339,112009,152885,51446,113777,543504,213483,21301,4357,6021
Japan,Death,0,5,50,358,459,82,32,268,268,184,353,1275,2194,2138,1226,1032,2738,1692,403,802,1564,613,91,33
Jersey,Cases,0,0,63,221,18,12,15,35,41,156,383,1726,403,63,10,6,9,252,4711,979,694,991,2867,4900
Jersey,Death,0,0,2,18,9,2,0,1,0,0,0,9,24,3,0,0,0,0,0,8,1,2,0,8
Jordan,Cases,0,0,268,177,277,319,203,773,8015,57413,141700,73637,31180,59641,213917,98240,24438,14352,18746,25547,25766,36899,86425,107617
Jordan,Death,0,0,5,3,1,0,2,4,42,711,1865,1064,470,359,2046,1943,616,281,270,366,299,310,546,1012
Kazakhstan,Cases,0,0,312,2985,7307,18860,48013,41142,9111,8742,23426,25880,33256,26249,32781,75190,66164,37227,150783,217656,96997,55999,33827,17065
Kazakhstan,Death,0,0,1,23,13,147,605,1085,197,144,258,272,286,185,2523,649,760,438,1318,4655,2274,1076,695,371
Kenya,Cases,0,0,50,325,1492,4228,13547,13421,4177,15268,28124,12633,4217,4875,26673,24763,11329,12868,17793,32085,13311,3859,1669,37149
Kenya,Death,0,0,1,14,46,80,177,233,130,270,456,198,85,91,291,554,433,449,292,789,393,153,53,41
Kiribati,Cases,0,0,0,0,0,0,0,0,0,0,0,0,0,0,0,0,0,0,0,0,0,0,0,0
Kiribati,Death,0,0,0,0,0,0,0,0,0,0,0,0,0,0,0,0,0,0,0,0,0,0,0,0
Kosovo[1],Cases,0,0,112,674,265,1692,5226,5004,2120,3708,19215,11548,8606,8582,20251,14556,2217,339,515,35299,14980,677,321,351
Kosovo[1],Death,0,0,1,16,4,18,161,289,100,53,324,316,157,97,259,290,70,15,8,212,445,23,6,6
Kuwait,Cases,0,49,240,3423,22168,18481,20334,17679,19459,20155,16500,7663,14038,24633,39969,40459,33821,45629,40411,11905,1745,998,649,3269
Kuwait,Death,0,0,0,24,179,138,91,83,76,163,99,53,25,119,225,241,208,189,345,98,29,12,4,3
Kyrgyzstan,Cases,0,0,255,848,1045,4302,28587,7599,2711,12037,13364,7856,3373,1641,2123,6737,8977,19892,36497,11888,2656,2651,2024,1285
Kyrgyzstan,Death,0,0,0,8,8,41,871,107,4,80,121,80,56,52,33,104,196,185,316,193,75,64,74,53
Lao People's Democratic Republic,Cases,0,0,9,10,0,0,1,2,1,1,15,2,3,1,4,593,1137,249,3798,8517,8473,15740,32176,36316
Lao People's Democratic Republic,Death,0,0,0,0,0,0,0,0,0,0,0,0,0,0,0,0,3,0,3,7,3,44,101,190
Latvia,Cases,0,0,376,451,207,51,110,162,333,3855,11081,21968,24804,19569,15547,15432,14540,4130,1370,3537,14446,59048,33589,21858
Latvia,Death,0,0,0,15,8,5,2,2,3,32,126,420,545,419,275,226,239,132,43,17,128,517,905,382
Lebanon,Cases,0,11,450,242,466,525,2556,12315,21055,39909,45675,50093,117410,71723,89974,57177,13699,4317,15530,39846,21343,17109,26581,52984
Lebanon,Death,0,0,12,12,2,7,23,101,194,258,367,425,1576,1570,1492,1015,445,119,52,142,263,170,214,377
Lesotho,Cases,0,0,0,0,2,25,577,462,480,352,162,468,5701,2213,195,45,100,513,1492,1487,6855,373,144,6629
Lesotho,Death,0,0,0,0,0,0,13,18,4,7,1,6,110,132,23,1,10,3,45,29,229,26,4,3
Liberia,Cases,0,0,3,135,139,482,401,117,34,83,172,202,139,71,43,46,80,1709,1311,190,205,13,8,581
Liberia,Death,0,0,0,16,11,9,37,7,0,0,1,0,1,1,0,0,1,41,20,97,41,1,0,0
Libya,Cases,0,0,8,51,69,646,2614,10345,19901,25420,21335,17126,17373,13827,24913,18115,7673,7462,55640,58357,30297,16571,14871,15547
Libya,Death,0,0,0,2,2,18,49,163,309,288,309,276,364,297,479,356,96,65,316,704,389,427,349,240
Liechtenstein,Cases,0,0,69,10,0,0,6,19,12,455,711,876,320,81,101,265,75,28,54,201,154,125,1117,1417
Liechtenstein,Death,0,0,0,1,0,0,0,0,0,2,14,27,9,2,1,1,1,1,0,0,1,1,0,6
Lithuania,Cases,0,1,363,905,290,136,262,827,1877,10846,45606,81225,36461,14361,16712,30362,25588,3978,4024,15886,31983,75294,59554,47358
Lithuania,Death,0,0,4,26,22,6,2,6,8,75,466,1162,981,414,311,346,334,101,23,149,426,864,816,628
Luxembourg,Cases,0,0,1812,1092,159,205,1950,1186,1747,8613,16562,11719,3925,4632,5902,5363,2772,763,3029,1794,2326,3772,6945,13306
Luxembourg,Death,0,0,21,67,21,0,4,10,0,26,148,183,82,58,104,49,20,4,4,8,5,9,29,40
Madagascar,Cases,0,0,46,75,626,1367,8534,3975,1514,560,230,373,1029,766,4433,12271,4252,852,528,129,728,29,704,5949
Madagascar,Death,0,0,0,0,6,14,85,85,37,14,7,10,18,16,97,228,192,70,38,8,4,3,4,60
Malawi,Cases,0,0,0,36,242,940,2716,1458,206,150,95,443,16914,7835,1580,511,257,1559,15683,8039,1058,214,105,12285
Malawi,Death,0,0,0,3,1,10,93,60,4,5,1,4,498,335,76,31,7,39,418,533,104,18,4,49
Malaysia,Cases,8,17,2601,3179,1760,818,325,358,1795,19665,32937,44788,96651,83356,43266,59425,156820,173346,343507,612085,486706,220968,156261,121731
Malaysia,Death,0,0,37,57,13,6,3,1,7,113,108,103,275,361,135,220,1223,2312,3689,7358,9479,2541,1458,1037
Maldives,Cases,0,0,18,377,1204,588,1411,3855,2288,1305,1310,708,2037,3737,4100,5456,34159,8634,3501,3565,3508,2918,3735,3950
Maldives,Death,0,0,0,0,4,2,8,11,5,4,8,1,4,10,5,6,88,41,8,5,5,12,7,11
Mali,Cases,0,0,18,464,760,908,341,251,325,427,1134,2341,979,274,1622,3773,407,158,148,289,321,819,1266,3236
Mali,Death,0,0,0,25,50,38,8,2,5,5,16,117,61,22,31,96,33,9,7,7,9,15,42,52
Malta,Cases,0,0,169,276,151,51,66,1131,1138,2946,3690,2799,4959,4455,6436,1207,228,80,3654,1748,956,490,1676,11630
Malta,Death,0,0,0,4,5,0,0,3,31,27,71,76,45,44,77,20,4,1,3,17,16,4,7,8
Marshall Islands,Cases,0,0,0,0,0,0,0,0,0,1,3,0,0,0,0,0,0,0,0,0,0,0,0,0
Marshall Islands,Death,0,0,0,0,0,0,0,0,0,0,0,0,0,0,0,0,0,0,0,0,0,0,0,0
Martinique,Cases,0,0,111,56,22,42,27,327,702,2275,1595,586,279,376,803,2942,1488,307,9467,14753,4014,2063,1829,4021
Martinique,Death,0,0,2,12,0,0,1,1,4,10,9,2,1,1,5,20,25,3,26,331,166,55,27,68
Mauritania,Cases,0,0,5,2,475,3619,2033,712,440,161,761,5218,2818,719,637,530,1092,1253,4615,7741,2409,1233,1893,1888
Mauritania,Death,0,0,0,1,20,103,28,2,2,2,9,152,94,21,10,6,8,24,69,149,59,20,34,31
Mauritius,Cases,0,0,125,189,3,6,3,11,25,60,63,23,41,42,344,172,205,482,2301,6462,5019,5948,36705,8407
Mauritius,Death,0,0,3,5,0,0,0,0,0,0,0,0,0,0,0,4,2,0,2,11,53,86,373,218
Mayotte,Cases,0,0,82,359,1204,732,359,339,478,587,815,709,2341,8630,1808,647,-769,87,82,310,447,281,418,938
Mayotte,Death,0,0,0,4,17,12,4,1,2,2,5,6,6,41,51,9,3,1,0,1,3,7,0,0
Mexico,Cases,0,4,2468,26129,89333,146293,205188,168269,142990,168402,195110,314119,423970,192454,135246,90030,63303,96633,353768,493897,268847,121884,70024,88356
Mexico,Death,0,0,52,3903,15243,19739,23029,18531,12648,12235,15375,22403,37295,23225,12764,7320,3827,2880,7525,21019,15931,7839,3922,3174
Micronesia (Federated States of),Cases,0,0,0,0,0,0,0,0,0,0,0,0,0,0,0,0,0,0,0,0,0,0,0,0
Micronesia (Federated States of),Death,0,0,0,0,0,0,0,0,0,0,0,0,0,0,0,0,0,0,0,0,0,0,0,0
Monaco,Cases,0,0,35,29,4,3,14,47,76,137,249,244,600,460,326,164,50,72,296,299,112,102,322,1319
Monaco,Death,0,0,0,1,0,0,0,0,1,0,1,0,9,11,4,4,0,1,0,2,0,1,0,2
Mongolia,Cases,0,0,12,24,141,35,71,10,12,27,438,404,559,1093,5495,27138,21154,56249,47184,47805,86538,52793,21211,6877
Mongolia,Death,0,0,0,0,0,0,0,0,0,0,0,0,2,0,4,94,162,272,252,111,365,416,258,54
Montenegro,Cases,0,0,91,216,2,174,2535,1668,6123,7251,15767,12443,13079,13708,14982,6035,2214,606,1534,12877,15638,12293,12750,10953
Montenegro,Death,0,0,2,5,2,3,34,48,64,126,186,191,119,192,257,219,91,26,19,87,194,176,193,94
Montserrat,Cases,0,0,5,6,0,0,2,0,0,0,0,0,0,7,0,0,0,0,1,8,5,7,3,1
Montserrat,Death,0,0,0,1,0,0,0,0,0,0,0,0,0,0,0,0,0,0,0,0,0,0,0,0
Morocco,Cases,0,0,574,3721,3357,4483,10726,37077,58593,91641,134719,80997,31498,12253,11767,14789,7859,11369,84638,232521,71025,12889,3640,11141
Morocco,Death,0,0,33,132,34,20,118,758,1011,1431,2094,1509,871,340,190,202,120,145,436,2755,1599,400,107,68
Mozambique,Cases,0,0,8,68,168,629,919,1957,4640,4049,2744,2672,19063,20118,8116,2285,863,5033,43546,24025,4346,565,236,24100
Mozambique,Death,0,0,0,0,2,3,5,12,36,30,38,32,197,263,131,39,22,36,529,419,51,13,11,35
Myanmar,Cases,0,0,14,135,73,71,50,529,11506,38123,36780,33917,15092,1542,518,351,798,13526,139838,96617,61436,34151,21452,8009
Myanmar,Death,0,0,1,5,0,0,0,0,278,909,681,741,434,61,7,3,8,117,5987,5658,2245,908,390,157
Namibia,Cases,0,0,11,5,7,159,1849,5236,3590,1642,1410,8953,9887,4704,5204,4038,6487,33004,28512,5978,2447,1297,274,17560
Namibia,Death,0,0,0,0,0,0,10,62,46,12,18,44,145,66,96,115,181,637,1478,200,250,41,21,43
Nauru,Cases,0,0,0,0,0,0,0,0,0,0,0,0,0,0,0,0,0,0,0,0,0,0,0,0
Nauru,Death,0,0,0,0,0,0,0,0,0,0,0,0,0,0,0,0,0,0,0,0,0,0,0,0
Nepal,Cases,5,0,0,52,1513,11753,5725,19374,37288,91015,59885,25837,9940,3025,3093,45726,232409,72218,54727,65277,30766,16611,8355,6780
Nepal,Death,0,0,0,0,8,22,28,193,332,780,859,438,195,45,20,248,4088,1658,712,875,365,259,110,65
Netherlands,Cases,0,1,11613,26103,6961,3794,3843,15813,46721,219785,167393,263777,178404,105560,176339,215966,151095,35499,177412,73379,60417,120791,488525,473148
Netherlands,Death,0,0,846,3665,1155,158,59,75,173,938,1932,1936,2537,1558,946,586,476,121,76,172,158,227,937,1477
New Caledonia,Cases,0,0,15,2,1,2,1,1,4,1,4,5,9,11,63,3,4,1,5,2,7040,3540,1307,603
New Caledonia,Death,0,0,0,0,0,0,0,0,0,0,0,0,0,0,0,0,0,0,0,0,114,146,11,5
New Zealand,Cases,0,1,599,482,22,24,32,175,79,109,97,103,141,73,118,112,60,66,129,694,629,2132,4971,2395
New Zealand,Death,0,0,1,18,3,0,0,0,3,0,0,0,0,1,0,0,0,0,0,0,1,1,16,7
Nicaragua,Cases,0,0,4,9,871,1129,1066,579,487,278,205,200,163,150,184,172,335,771,988,1275,1990,1593,464,166
Nicaragua,Death,0,0,1,2,31,39,42,21,14,5,4,5,4,4,5,4,4,5,4,4,4,4,4,4
Niger,Cases,0,0,20,693,237,117,59,39,20,23,296,1562,1308,223,263,203,182,78,127,217,151,315,623,358
Niger,Death,0,0,3,29,32,3,2,0,0,0,1,24,57,13,14,4,1,1,2,3,2,10,45,15
Nigeria,Cases,0,5,106,1393,7923,14971,16995,10714,4639,3843,4559,19019,43047,24175,7105,2164,1205,1025,5793,17897,13679,6122,2152,27295
Nigeria,Death,0,0,1,42,215,286,288,134,98,32,29,105,289,319,149,6,8,21,29,306,247,174,80,53
Niue,Cases,0,0,0,0,0,0,0,0,0,0,0,0,0,0,0,0,0,0,0,0,0,0,0,0
Niue,Death,0,0,0,0,0,0,0,0,0,0,0,0,0,0,0,0,0,0,0,0,0,0,0,0
North Macedonia,Cases,0,1,328,1088,699,3998,4267,3568,3445,12511,29966,20916,9189,9789,25724,21728,2902,410,615,19244,14420,10795,12570,8924
North Macedonia,Death,0,0,9,62,54,165,178,114,134,243,737,725,345,271,612,991,553,71,9,408,758,420,437,366
Northern Mariana Islands (Commonwealth of the),Cases,0,0,2,12,8,8,12,14,14,22,9,16,10,11,16,5,15,0,7,52,26,43,500,2353
Northern Mariana Islands (Commonwealth of the),Death,0,0,0,2,0,0,0,0,0,0,0,0,0,0,0,0,0,0,0,0,0,1,0,10
Norway,Cases,0,6,4619,2809,686,425,330,1528,3137,6118,15200,12920,13251,8132,23607,16581,12003,5836,6162,20456,28512,17502,55519,122928
Norway,Death,0,0,20,171,41,13,6,9,6,6,47,101,124,57,34,77,30,9,7,21,49,32,171,213
"occupied Palestinian territory, including east Jerusalem",Cases,0,0,117,210,282,1816,12073,13831,20177,14200,31526,55247,23151,27519,60241,53564,11586,5664,2570,23414,61029,19475,6657,9504
"occupied Palestinian territory, including east Jerusalem",Death,0,0,1,1,3,3,73,84,187,185,252,678,481,224,609,618,246,65,40,71,400,310,118,128
Oman,Cases,0,9,183,2138,7976,27623,39089,6385,12863,15849,9050,5020,4861,6262,16560,34035,22930,49312,27704,5669,1438,512,259,935
Oman,Death,0,0,0,9,31,120,245,256,250,273,210,74,28,33,99,332,324,711,724,227,32,15,2,3
Other,Cases,0,699,12,0,29,0,0,0,0,0,0,4,0,0,0,13,6,0,0,0,0,0,0,0
Other,Death,0,6,5,2,0,0,0,0,0,0,0,0,0,0,0,0,0,0,0,0,0,0,0,0
Pakistan,Cases,0,8,1857,13720,52679,136877,64835,16703,16114,19380,62192,79216,63499,33984,83227,147754,98113,35339,67490,126470,83266,27218,11287,10021
Pakistan,Death,0,0,25,320,1098,2761,1556,324,181,311,1179,2022,1518,1180,1496,3246,2925,1475,1014,2310,1902,710,269,193
Palau,Cases,0,0,0,0,0,0,0,0,0,0,0,0,0,0,0,0,0,0,0,2,3,3,0,2
Palau,Death,0,0,0,0,0,0,0,0,0,0,0,0,0,0,0,0,0,0,0,0,0,0,0,0
Panama,Cases,0,0,989,5211,6153,18668,30484,27146,19212,20192,30586,73550,75509,20328,13640,9291,13210,23556,30964,22206,9552,5547,4980,13435
Panama,Death,0,0,24,152,148,274,754,586,353,314,351,873,1246,576,272,113,142,159,262,238,165,92,47,63
Papua New Guinea,Cases,0,0,1,7,0,3,52,387,75,55,66,124,71,428,4675,5007,4704,1252,546,317,2029,9260,5366,921
Papua New Guinea,Death,0,0,0,0,0,0,2,3,2,0,0,2,0,4,47,55,47,12,18,0,37,136,176,44
Paraguay,Cases,0,0,64,174,715,1141,2645,11267,22327,21949,18535,24230,24928,25055,51888,61479,73748,67076,30106,6319,1444,1026,1950,3100
Paraguay,Death,0,0,3,6,2,4,29,247,510,532,344,477,451,448,946,2035,2685,3558,2113,794,451,50,217,155
Peru,Cases,0,0,852,30125,114354,123748,118318,231943,161548,85826,60188,47966,113261,183341,209258,243262,159653,94098,56530,39933,24628,24571,33167,52524
Peru,Death,0,0,95,3993,15033,16858,17483,17475,8549,4310,2907,3413,9667,17864,20230,22764,17088,8284,3883,1918,1066,830,891,1440
Philippines,Cases,1,2,1543,6128,8736,18352,51777,124106,88487,67262,49140,40896,49460,48625,164816,281445,186190,177760,168276,387076,545941,233945,45051,8480
Philippines,Death,0,1,87,470,382,298,717,1497,1890,1681,1152,838,1425,1540,873,3848,3626,3591,3060,5441,4716,4750,5329,2828
Pitcairn Islands,Cases,0,0,0,0,0,0,0,0,0,0,0,0,0,0,0,0,0,0,0,0,0,0,0,0
Pitcairn Islands,Death,0,0,0,0,0,0,0,0,0,0,0,0,0,0,0,0,0,0,0,0,0,0,0,0
Poland,Cases,0,0,2055,10329,10694,10368,10638,21182,22590,251320,625277,295366,207139,191106,608841,435049,74122,6954,2946,5696,18043,116771,509550,539078
Poland,Death,0,0,31,591,417,380,246,317,444,2838,11543,11011,8216,6539,9196,13827,5837,1165,213,84,289,1333,6564,12901
Portugal,Cases,0,0,6408,17249,7216,9412,8727,6696,16705,61730,153520,107990,297340,83328,16543,14311,12165,28102,86484,67388,30603,20609,53691,211568
Portugal,Death,0,0,140,829,389,158,151,84,141,497,1920,2325,5273,3794,528,126,49,67,248,369,225,181,273,496
Puerto Rico,Cases,0,0,174,1194,2179,3474,9107,16067,15268,16988,-14426,23343,17115,6420,6638,23566,7142,1331,5461,24000,10550,3535,3187,69500
Puerto Rico,Death,0,0,6,46,79,17,61,215,220,159,272,378,320,203,76,183,198,45,29,252,288,83,35,28
Qatar,Cases,0,5,686,11783,41853,38196,14372,7880,6755,6583,6092,4788,7150,11862,15520,25012,11578,4495,4006,6332,3814,2500,4043,6340
Qatar,Death,0,0,1,8,26,75,58,23,17,18,5,8,3,9,31,159,96,32,11,1,3,4,1,6
Republic of Korea,Cases,11,2919,6260,878,694,1296,1455,5611,3630,2622,7564,26072,16448,11162,13060,18368,17712,16164,40623,51637,57847,50928,80842,178489
Republic of Korea,Death,0,16,145,82,22,11,19,23,89,49,60,374,503,178,126,93,128,55,74,187,189,352,765,1905
Republic of Moldova,Cases,0,0,353,3348,4201,8106,7730,11967,15109,22159,30977,36477,14695,25052,42917,20267,4308,1483,2622,7726,25313,42723,25342,12006
Republic of Moldova,Death,0,0,3,111,177,248,225,214,319,463,556,729,485,558,1138,902,337,89,68,156,358,978,1300,571
Réunion,Cases,0,0,207,173,51,51,131,974,2203,1666,2395,918,959,2420,4170,3795,4520,5682,6648,11452,2895,1427,6520,15414
Réunion,Death,0,0,0,0,1,1,2,0,9,6,18,2,4,6,63,33,41,48,38,57,24,8,10,25
Romania,Cases,0,4,1948,9733,6893,7325,22621,35899,37874,108014,230197,152579,94655,70421,144653,100826,22319,3003,2241,14263,122871,406939,130014,27556
Romania,Death,0,0,65,611,542,368,653,1235,1171,2042,4225,4265,2497,1952,3059,4433,2167,3293,492,258,2295,10283,8631,2185
Russian Federation,Cases,2,0,2335,103721,291412,232971,185576,149876,176238,432885,658873,837241,664103,377992,287445,251024,257359,433182,727731,630288,573693,978242,1082689,830264
Russian Federation,Death,0,0,17,1049,3524,4465,4427,3118,3423,7099,11660,16555,15627,12503,12395,10895,10981,13341,22677,23872,23241,30396,35500,32441
Rwanda,Cases,0,0,70,150,116,631,969,1998,773,294,782,2316,6735,3486,2795,3212,1802,10421,30173,16433,10227,2164,646,10209
Rwanda,Death,0,0,0,0,1,1,3,11,13,6,13,37,101,65,45,26,17,74,371,275,181,55,11,7
Saba,Cases,0,0,0,2,1,0,0,2,0,0,0,0,1,0,0,0,1,0,0,3,0,0,1,19
Saba,Death,0,0,0,0,0,0,0,0,0,0,0,0,0,0,0,0,0,0,0,0,0,0,0,0
Saint Barthélemy,Cases,0,0,6,0,0,0,2,10,30,41,38,37,189,233,245,119,47,20,178,257,42,25,13,54
Saint Barthélemy,Death,0,0,0,0,0,0,0,0,0,0,0,0,0,0,1,0,0,0,0,0,1,2,0,0
Saint Helena,Cases,0,0,0,0,0,0,0,0,0,0,0,0,0,0,0,0,0,0,0,0,0,0,0,0
Saint Helena,Death,0,0,0,0,0,0,0,0,0,0,0,0,0,0,0,0,0,0,0,0,0,0,0,0
Saint Kitts and Nevis,Cases,0,0,2,7,0,0,2,0,2,0,3,10,5,4,3,0,24,371,146,460,827,720,113,136
Saint Kitts and Nevis,Death,0,0,0,0,0,0,0,0,0,0,0,0,0,0,0,0,0,3,0,0,10,10,5,0
Saint Lucia,Cases,0,0,9,8,1,1,6,1,1,49,174,83,842,2161,872,280,519,217,275,2530,3165,1077,418,484
Saint Lucia,Death,0,0,0,0,0,0,0,0,0,0,2,3,8,22,24,14,3,5,4,14,90,53,25,15
Saint Martin,Cases,0,0,18,20,3,2,10,160,170,208,99,242,294,265,103,71,281,358,274,715,439,146,90,87
Saint Martin,Death,0,0,1,1,0,0,0,2,3,1,3,0,0,0,0,1,2,12,3,-13,18,2,1,1
Saint Pierre and Miquelon,Cases,0,0,0,1,0,0,3,1,7,0,2,2,8,0,0,1,0,1,2,2,1,1,52,14
Saint Pierre and Miquelon,Death,0,0,0,0,0,0,0,0,0,0,0,0,0,0,0,0,0,0,0,0,0,0,0,0
Saint Vincent and the Grenadines,Cases,0,0,1,15,9,3,23,6,4,10,11,30,777,655,183,107,171,184,66,35,1088,1443,574,325
Saint Vincent and the Grenadines,Death,0,0,0,0,0,0,0,0,0,0,0,0,2,6,2,1,1,0,0,0,7,45,8,7
Samoa,Cases,0,0,0,0,0,0,0,0,0,0,0,1,0,0,0,0,0,0,0,0,0,0,0,1
Samoa,Death,0,0,0,0,0,0,0,0,0,0,0,0,0,0,0,0,0,0,0,0,0,0,0,0
San Marino,Cases,0,9,237,328,127,8,2,23,9,250,648,741,631,697,995,265,19,2,75,174,100,120,479,2117
San Marino,Death,0,1,29,9,1,0,0,0,0,0,4,13,7,6,10,6,0,0,0,0,1,1,1,7
Sao Tome and Principe,Cases,0,0,0,11,279,98,476,25,15,34,44,23,242,530,435,76,43,21,80,139,815,253,17,146
Sao Tome and Principe,Death,0,0,0,0,9,1,4,0,0,1,1,0,0,11,5,1,2,0,0,0,13,6,0,1
Saudi Arabia,Cases,0,0,1563,19682,60631,101175,83396,38916,18415,12275,9846,5241,5072,8987,12039,26300,31828,35670,36992,18495,2641,1437,1103,5665
Saudi Arabia,Death,0,0,10,141,318,1096,1193,1004,842,615,482,318,149,113,169,277,390,442,407,302,168,77,40,39
Senegal,Cases,0,0,162,707,2602,3053,3313,3324,1308,611,459,2856,7073,7732,4098,1590,1043,1541,18117,10463,959,142,70,883
Senegal,Death,0,0,0,9,33,66,92,79,25,12,9,69,211,238,177,56,31,27,167,407,93,20,7,5
Serbia,Cases,0,0,785,7824,2372,2876,10649,5813,2073,11586,122260,159553,55974,61187,136230,87348,22667,3986,5058,38034,171507,195831,109824,42302
Serbia,Death,0,0,13,160,63,31,288,138,36,65,729,1559,789,409,827,1029,492,178,65,164,895,1656,1682,997
Seychelles,Cases,0,0,8,3,0,70,33,17,6,10,18,54,919,1391,1496,1649,5502,4059,2577,1700,1379,745,1126,1169
Seychelles,Death,0,0,0,0,0,0,0,0,0,0,0,0,3,7,9,6,13,16,22,16,10,2,8,4
Sierra Leone,Cases,0,0,0,115,728,589,356,199,196,134,45,148,968,294,83,73,86,1348,704,84,27,4,4,581
Sierra Leone,Death,0,0,0,5,39,14,7,3,2,2,0,2,3,0,0,0,0,19,20,1,0,0,0,2
Singapore,Cases,13,82,777,14715,18197,8777,7902,4566,930,238,198,351,908,389,411,740,883,512,2282,2478,26423,98690,65112,14336
Singapore,Death,0,0,3,11,8,3,1,0,0,1,1,0,0,0,1,0,3,3,1,18,38,299,303,109
Sint Eustatius,Cases,0,0,0,2,0,0,1,1,9,1,0,5,1,0,0,0,0,0,0,4,4,0,3,1
Sint Eustatius,Death,0,0,0,0,0,0,0,0,0,0,0,0,0,0,0,0,0,0,0,0,0,0,0,0
Sint Maarten,Cases,0,0,6,69,2,-1,49,316,182,160,236,357,388,229,83,86,174,199,146,881,584,205,87,470
Sint Maarten,Death,0,0,0,13,2,0,0,2,5,0,3,2,0,0,0,0,1,5,1,15,15,9,0,0
Slovakia,Cases,0,0,363,996,118,145,605,1580,6152,46726,45983,72360,65405,57726,52260,19722,7001,1776,988,2219,17385,70050,194455,152115
Slovakia,Death,0,0,1,22,5,0,1,4,15,171,620,1270,2392,2478,2449,1894,611,157,29,8,89,385,1373,2132
Slovenia,Cases,0,0,757,613,44,111,541,709,2605,26827,41129,43962,43715,23143,24025,23690,13280,3562,1737,7433,25151,40839,82567,41185
Slovenia,Death,0,0,13,78,16,1,6,12,21,209,1126,1386,836,315,207,204,114,49,9,19,122,218,532,407
Solomon Islands,Cases,0,0,0,0,0,0,0,0,0,8,9,0,0,1,1,1,0,0,0,0,0,0,0,4
Solomon Islands,Death,0,0,0,0,0,0,0,0,0,0,0,0,0,0,0,0,0,0,0,0,0,0,0,0
Somalia,Cases,0,0,5,577,1315,928,288,98,278,353,510,263,70,2207,3907,2517,745,271,412,1996,2514,2018,1018,516
Somalia,Death,0,0,0,28,45,12,3,4,2,5,9,17,0,101,271,184,56,6,34,158,134,97,119,6
South Africa,Cases,0,0,1326,3997,25320,111581,330960,131873,45531,49343,62250,249157,391675,58464,33342,31379,81615,288849,461064,323121,123335,19214,41563,478480
South Africa,Death,0,0,3,98,540,4268,5155,6023,2518,1196,1051,6498,15482,5777,2795,1485,2089,3758,11032,9817,5264,1537,645,1218
South Sudan,Cases,0,0,0,34,959,1012,315,175,177,201,178,431,403,3388,2193,370,105,146,210,373,549,392,348,2465
South Sudan,Death,0,0,0,0,10,27,8,1,2,9,2,2,1,23,15,2,0,2,2,1,8,3,0,2
Spain,Cases,1,45,108607,106582,20762,9689,39930,184120,299381,443960,408447,269448,852998,300476,151806,231917,153929,114087,662843,353060,87853,49654,141606,1281438
Spain,Death,0,1,8577,16173,3185,620,171,1024,2982,4858,8941,5546,10778,8839,2949,2178,1364,591,909,2791,1410,550,535,1446
Sri Lanka,Cases,5,0,117,506,968,404,761,234,288,7281,12927,18767,20301,18259,9154,15229,76502,69848,47840,128953,73247,22298,22350,22512
Sri Lanka,Death,0,0,2,5,3,0,0,1,1,7,97,82,112,148,92,96,797,1493,1321,4734,3506,779,586,607
Sudan,Cases,0,0,7,368,4358,4346,2079,1545,457,151,4241,7246,3880,946,1502,2286,1120,1146,724,281,547,2510,2302,3526
Sudan,Death,0,0,2,26,231,301,139,77,13,1,418,296,243,81,189,273,269,123,20,11,51,164,116,177
Suriname,Cases,0,0,8,2,2,478,1092,2304,827,334,111,786,2183,510,185,1109,4229,6596,3699,3553,12022,7480,1796,1208
Suriname,Death,0,0,0,1,0,12,13,41,35,7,6,3,33,16,7,24,87,220,127,70,152,203,76,23
Sweden,Cases,1,2,3933,15813,16992,27937,9325,7504,8301,31838,125759,179742,123313,88007,131415,162647,95684,18763,10003,23583,25331,19615,30189,110061
Sweden,Death,0,0,239,2473,1740,864,264,67,49,133,1126,2459,2427,787,570,562,367,89,16,44,172,152,112,176
Switzerland,Cases,0,32,17865,10640,1057,926,3376,6798,10916,117090,150709,118932,68113,31559,44009,56458,32582,7222,15461,61696,56480,34340,142470,308237
Switzerland,Death,0,0,438,1107,119,9,15,20,62,425,2498,2604,1554,435,278,242,143,59,21,99,194,148,308,702
Syrian Arab Republic,Cases,0,0,10,33,79,147,459,1946,1383,1483,2069,3457,2564,1485,3187,3722,1734,984,439,1816,6018,8941,4664,2073
Syrian Arab Republic,Death,0,0,2,1,1,4,32,66,85,85,125,287,205,102,227,318,174,103,37,93,225,313,178,144
Tajikistan,Cases,0,0,0,0,3792,1970,1412,1141,1143,1208,1138,1471,49,0,0,0,0,170,1499,1735,232,2,7,0
Tajikistan,Death,0,0,0,0,47,5,8,8,7,6,4,4,1,0,0,0,0,0,31,3,0,0,0,0
Thailand,Cases,23,23,1605,1183,121,89,137,100,147,211,214,2876,11619,6333,2832,36264,92748,97279,332453,589415,383944,296795,195683,102677
Thailand,Death,0,0,9,42,3,1,0,0,1,0,1,1,14,6,11,109,807,954,2777,6599,4886,2355,1511,884
The United Kingdom,Cases,0,17,22252,139700,101573,37203,-10353,31286,110283,536481,605667,803231,1307308,353343,165182,68454,67433,287962,1029867,901122,981713,1212926,1131430,2519278
The United Kingdom,Death,0,0,2050,23596,10702,2896,775,310,571,4086,11690,14100,32059,16547,3821,789,264,344,1443,2831,3990,3896,4178,3452
Timor-Leste,Cases,0,0,1,23,0,0,0,3,1,2,0,13,26,43,491,1633,4598,2061,1620,5716,2557,255,33,12
Timor-Leste,Death,0,0,0,0,0,0,0,0,0,0,0,0,0,0,0,3,13,7,2,41,45,5,0,0
Togo,Cases,0,0,34,75,312,200,265,469,363,512,650,658,1408,1777,3348,2682,490,424,1707,5463,4107,639,171,3898
Togo,Death,0,0,1,6,4,1,4,9,21,7,9,4,9,6,25,14,2,4,23,33,43,13,1,5
Tokelau,Cases,0,0,0,0,0,0,0,0,0,0,0,0,0,0,0,0,0,0,0,0,0,0,0,0
Tokelau,Death,0,0,0,0,0,0,0,0,0,0,0,0,0,0,0,0,0,0,0,0,0,0,0,0
Tonga,Cases,0,0,0,0,0,0,0,0,0,0,0,0,0,0,0,0,0,0,0,0,0,1,0,0
Tonga,Death,0,0,0,0,0,0,0,0,0,0,0,0,0,0,0,0,0,0,0,0,0,0,0,0
Trinidad and Tobago,Cases,0,0,82,31,0,9,27,1514,2714,1119,962,472,401,162,281,2166,12503,8705,5719,5924,5623,6662,12807,20231
Trinidad and Tobago,Death,0,0,3,5,0,0,0,13,52,32,11,6,8,5,3,21,305,343,224,208,181,208,419,691
Tunisia,Cases,0,0,362,586,83,90,360,2251,14450,40092,35136,40447,68328,23730,18894,53197,35569,68708,169462,71153,40635,5391,4562,8270
Tunisia,Death,0,0,9,30,7,2,0,26,185,1046,1871,1360,2004,1220,787,1829,1901,2189,4727,3593,1330,348,124,191
Turkey,Cases,0,0,10827,104058,42899,34671,50175,239573,242309,256391,378982,762624,262249,215701,576292,1471518,422320,170752,279061,639393,736635,854970,737384,645285
Turkey,Death,0,0,168,2867,1341,575,543,635,1760,1982,3306,6896,4984,2510,2816,8200,7274,2160,1521,5126,7128,6356,6024,5356
Turkmenistan,Cases,0,0,0,0,0,0,0,0,0,0,0,0,0,0,0,0,0,0,0,0,0,0,0,0
Turkmenistan,Death,0,0,0,0,0,0,0,0,0,0,0,0,0,0,0,0,0,0,0,0,0,0,0,0
Turks and Caicos Islands,Cases,0,0,5,7,0,29,63,398,175,17,45,117,585,596,213,57,24,7,56,166,186,136,114,187
Turks and Caicos Islands,Death,0,0,0,1,0,0,0,1,2,0,0,0,2,5,3,0,0,1,0,2,3,0,1,2
Tuvalu,Cases,0,0,0,0,0,0,0,0,0,0,0,0,0,0,0,0,0,0,0,0,0,0,0,0
Tuvalu,Death,0,0,0,0,0,0,0,0,0,0,0,0,0,0,0,0,0,0,0,0,0,0,0,0
Uganda,Cases,0,0,30,21,275,458,260,1774,5045,4281,7652,14221,4313,756,510,978,5240,32216,12893,25630,3657,2429,1314,13215
Uganda,Death,0,0,0,0,0,0,2,33,43,35,115,72,20,10,-1,7,19,661,1629,312,144,54,37,42
Ukraine,Cases,0,0,549,9737,12811,20322,24886,50159,85656,174453,337185,309924,154976,126364,322034,377800,124408,30465,16984,33027,135008,486889,502143,217308
Ukraine,Death,0,0,13,244,436,441,520,848,1524,3003,5021,5985,4027,3214,6775,10839,6100,1641,554,838,2441,11283,17948,9367
United Arab Emirates,Cases,8,14,639,11265,21415,13689,11556,9184,22859,37318,35124,37232,92839,84985,67836,56818,48837,60324,46414,36516,17357,3832,2071,17470
United Arab Emirates,Death,0,0,6,92,157,50,34,31,32,71,75,93,169,363,271,87,90,127,132,90,54,39,10,15
United Republic of Tanzania,Cases,0,0,19,461,29,0,0,0,0,0,0,0,0,0,0,0,0,0,508,350,24479,308,116,3036
United Republic of Tanzania,Death,0,0,0,15,4,0,0,0,0,0,0,0,0,0,0,0,0,0,0,29,669,6,5,7
United States of America,Cases,3,54,173343,842775,729191,796177,1847554,1459955,1166189,1778832,4279069,6034517,6052400,2328388,1708642,1770794,924040,372413,1355517,4006635,4039115,2543151,2398200,5340163
United States of America,Death,0,1,3336,56618,42373,22007,28342,30465,20634,22648,40215,76042,96224,65031,31620,19985,16610,9216,8753,30768,53135,46197,30702,40319
United States Virgin Islands,Cases,0,0,30,32,3,12,314,723,184,44,168,466,367,225,261,203,349,385,656,1219,835,483,304,1544
United States Virgin Islands,Death,0,0,0,4,2,0,2,6,6,1,2,0,1,1,1,1,0,3,6,16,17,10,4,3
Uruguay,Cases,0,0,309,305,186,108,305,327,425,1011,2429,12246,22049,15361,42222,90566,92438,75427,13009,3328,3922,4632,5630,10807
Uruguay,Death,0,0,0,14,7,5,8,9,3,9,17,92,251,170,325,1544,1613,1311,395,70,24,23,52,38
Uzbekistan,Cases,0,0,167,1858,1508,4636,14931,17347,14525,9482,5865,3966,1585,1131,2943,7758,9085,10182,18174,26178,16759,11555,6964,5479
Uzbekistan,Death,0,0,2,7,5,9,111,174,146,90,40,4,7,1,7,19,40,46,134,202,151,81,77,79
Vanuatu,Cases,0,0,0,0,0,0,0,0,0,0,1,0,0,0,2,0,0,0,0,0,0,2,0,2
Vanuatu,Death,0,0,0,0,0,0,0,0,0,0,0,0,0,0,0,0,0,0,0,0,0,0,0,0
Venezuela (Bolivarian Republic of),Cases,0,0,129,200,1039,3838,11629,27087,27660,16917,10171,10821,12655,11972,19204,35810,35057,37854,32118,28399,31807,37773,24457,12890
Venezuela (Bolivarian Republic of),Death,0,0,3,7,4,30,106,217,233,168,99,127,152,155,239,510,498,455,457,422,433,420,254,177
Viet Nam,Cases,2,11,187,63,58,27,154,482,50,82,163,109,316,613,146,311,4240,9075,124070,299429,317306,124848,302988,476660
Viet Nam,Death,0,0,0,0,0,0,0,30,1,0,0,0,0,0,0,0,12,37,1074,9758,8034,2729,2972,6916
Wallis and Futuna,Cases,0,0,0,0,0,0,0,0,0,1,2,1,1,4,392,41,0,0,0,0,0,0,0,0
Wallis and Futuna,Death,0,0,0,0,0,0,0,0,0,0,0,0,0,0,4,1,2,0,0,0,0,0,0,0
Yemen,Cases,0,0,0,6,304,805,572,225,73,28,14,20,21,148,1962,1937,416,176,138,768,1170,712,204,122
Yemen,Death,0,0,0,0,75,224,176,71,21,12,6,5,5,16,248,334,93,40,14,94,243,159,60,34
Zambia,Cases,0,0,35,62,951,511,3961,6062,2618,1656,1176,2815,32627,22954,9665,3115,3464,56793,40148,10329,2675,676,416,39024
Zambia,Death,0,0,0,3,4,15,125,136,44,17,8,29,357,296,111,42,27,857,1177,210,46,13,6,63
Zimbabwe,Cases,0,0,8,24,142,396,2501,3243,1340,524,1583,3591,19404,2606,769,1353,687,9572,57626,15721,5712,2134,1249,77076
Zimbabwe,Death,0,0,1,3,0,3,46,129,26,14,33,83,830,241,58,44,27,165,1701,884,197,54,28,290
